region,period,sex,e0_observado,e0_estimado,e0_lower,e0_upper,est_eval
Adjuntas,1980-1984,1,72.54189508802463,72.26707221142522,71.38972130381046,73.51492774111375,Estimación adecuada
Adjuntas,1985-1989,1,70.84999061728885,71.73710419096284,70.862084760984,72.81890876431035,> e0 observado
Adjuntas,1990-1994,1,71.49310954038985,71.65582303314565,70.60194779148738,72.5699579451472,Estimación adecuada
Adjuntas,1995-1999,1,71.91080703113897,72.1904421265508,71.18513539720968,73.2799340381173,Estimación adecuada
Adjuntas,2000-2004,1,74.0807006063416,73.93425797987406,72.6007553330483,74.94799610547099,Estimación adecuada
Adjuntas,2005-2009,1,77.13413877724005,76.1033424120833,74.72437680441791,77.38983116381107,Estimación adecuada
Adjuntas,2010-2014,1,78.0170892039493,77.02969964920722,75.8325459910306,78.03422436326787,Estimación adecuada
Adjuntas,2015-2019,1,80.07122326396828,79.11914453267501,78.13847565725227,80.25175773211203,Estimación adecuada
Adjuntas,2020-2024,1,80.09050176489524,78.94168758217332,77.95935389688898,80.27160267749696,Estimación adecuada
Aguada,1980-1984,1,73.2175687853255,73.13962892671859,72.06448970369048,74.35528988861235,Estimación adecuada
Aguada,1985-1989,1,73.21396709192831,72.96398663389998,72.11748437526745,73.72067341359698,Estimación adecuada
Aguada,1990-1994,1,73.47166304966473,73.07356650515592,71.93670308742145,73.81692352847418,Estimación adecuada
Aguada,1995-1999,1,72.96139718811193,72.90886689654434,71.95821107389924,73.92334121060955,Estimación adecuada
Aguada,2000-2004,1,75.7731265619719,75.1741478668461,74.24489749556712,76.39608546921106,Estimación adecuada
Aguada,2005-2009,1,77.6139364553716,76.64784759789895,75.8290451972436,77.53119187936693,< e0 observado
Aguada,2010-2014,1,77.3081065450094,77.09947557802994,76.14928218101295,78.14667087993615,Estimación adecuada
Aguada,2015-2019,1,80.17632385200217,79.22349829843873,78.46882102844222,80.22519251998838,Estimación adecuada
Aguada,2020-2024,1,78.78968559483442,78.17720056294763,77.33102849416935,78.95451531168099,Estimación adecuada
Aguadilla,1980-1984,1,71.00678071372081,71.10249209956159,70.32472841133499,71.91257100164678,Estimación adecuada
Aguadilla,1985-1989,1,70.58561267446154,70.67734916788004,70.07432199098494,71.45738147307523,Estimación adecuada
Aguadilla,1990-1994,1,70.88482346377512,70.81556330102686,70.09036703078903,71.45297398685389,Estimación adecuada
Aguadilla,1995-1999,1,70.78010378855268,70.76226382454513,70.21612331726914,71.40648879150845,Estimación adecuada
Aguadilla,2000-2004,1,73.78276571753028,73.01366485173727,72.45188495984337,73.84314832923664,Estimación adecuada
Aguadilla,2005-2009,1,74.34368140644376,74.0304533700643,73.29398226124887,74.67875069628592,Estimación adecuada
Aguadilla,2010-2014,1,76.10575530196566,75.46692091190866,74.7522906046352,76.22916144597629,Estimación adecuada
Aguadilla,2015-2019,1,77.5014617746831,76.84552739036171,76.05281812603917,77.69615476941622,Estimación adecuada
Aguadilla,2020-2024,1,76.52156602867669,76.55833917690072,75.66314500886017,77.2937153472787,Estimación adecuada
Aguas Buenas,1980-1984,1,70.9060601893331,71.5063602824263,70.47953856667704,72.6723069063649,Estimación adecuada
Aguas Buenas,1985-1989,1,71.73217429810381,71.81374067362765,70.7721399918807,72.8828226479902,Estimación adecuada
Aguas Buenas,1990-1994,1,71.9040754109389,71.55567706093764,70.68549142314268,72.66986538772423,Estimación adecuada
Aguas Buenas,1995-1999,1,72.03242058667273,71.89616490408294,70.99824180883357,72.97376403158839,Estimación adecuada
Aguas Buenas,2000-2004,1,74.50847723417229,74.13450262642525,73.19221853453138,75.16596514223448,Estimación adecuada
Aguas Buenas,2005-2009,1,74.76751879253902,75.02485183602948,74.05691122162341,76.14583838129943,Estimación adecuada
Aguas Buenas,2010-2014,1,77.07874986678003,77.21248598044767,76.14502785120766,78.67834204536422,Estimación adecuada
Aguas Buenas,2015-2019,1,77.12363910638715,77.69246680077421,76.73981548084785,78.99069374617633,Estimación adecuada
Aguas Buenas,2020-2024,1,77.71291412855061,78.03432976822934,76.97105339601305,79.09098717844176,Estimación adecuada
Aibonito,1980-1984,1,71.20727896829324,71.77121167752092,70.69473673665968,72.87195321612029,Estimación adecuada
Aibonito,1985-1989,1,70.93804632594708,71.41233433046045,70.43479230120653,72.61221895533296,Estimación adecuada
Aibonito,1990-1994,1,72.7988506012683,72.17401273220392,71.27716284661565,73.1183411939326,Estimación adecuada
Aibonito,1995-1999,1,72.77760443633895,72.15556431278533,71.1614152295992,73.14850763208136,Estimación adecuada
Aibonito,2000-2004,1,74.39460579414155,73.8470945169318,73.08171046575364,74.85340918609438,Estimación adecuada
Aibonito,2005-2009,1,74.88960349978896,74.92580446118274,73.83769788796576,75.72409497282959,Estimación adecuada
Aibonito,2010-2014,1,74.15371449624436,75.68427432941283,74.60513170478787,76.67132757078542,> e0 observado
Aibonito,2015-2019,1,77.00855644451337,77.57574292645995,76.51005723638643,78.45266550949374,Estimación adecuada
Aibonito,2020-2024,1,79.62044145372404,78.78251064168377,77.64967726204222,80.07031101158634,Estimación adecuada
Anasco,1980-1984,1,72.01460523472085,71.76847069977416,70.52235269546408,72.56726524358005,Estimación adecuada
Anasco,1985-1989,1,71.42888891874672,71.53632309831148,70.61160750216087,72.5741612310822,Estimación adecuada
Anasco,1990-1994,1,70.05228247802772,70.88413236411299,69.70217346238428,71.97219800462035,Estimación adecuada
Anasco,1995-1999,1,71.8503650088804,71.46828029953721,70.44828685588209,72.2327972734115,Estimación adecuada
Anasco,2000-2004,1,74.35938543935956,74.03917496764853,72.91409382837688,74.8945644607791,Estimación adecuada
Anasco,2005-2009,1,76.96481061689505,75.720895634586455,74.66583456284599,76.57740425131232,< e0 observado
Anasco,2010-2014,1,76.38264162433823,76.10916918979723,75.2185713002684,76.98161394580575,Estimación adecuada
Anasco,2015-2019,1,78.19758272547156,77.62127918116587,76.65867290317397,78.56563467844101,Estimación adecuada
Anasco,2020-2024,1,77.16064670152906,77.51962307612939,76.52334357674366,78.44672015209818,Estimación adecuada
Arecibo,1980-1984,1,70.94822313738123,70.88573876218894,70.28770259210435,71.48010475057113,Estimación adecuada
Arecibo,1985-1989,1,70.27186805457086,70.40059587487292,69.76975070607926,71.06397382555738,Estimación adecuada
Arecibo,1990-1994,1,70.7566402122555,70.64317999892911,70.13356968885543,71.21944204978794,Estimación adecuada
Arecibo,1995-1999,1,70.42422951948053,70.45789773497427,69.81177921104423,71.03175392716156,Estimación adecuada
Arecibo,2000-2004,1,73.58677734329173,73.02539229022838,72.29267505384482,73.67175014585476,Estimación adecuada
Arecibo,2005-2009,1,73.79746978285581,73.68525181192652,73.22387230928179,74.21755274456771,Estimación adecuada
Arecibo,2010-2014,1,75.7499952369095,75.4107842175018,74.94597743063787,75.94149013922114,Estimación adecuada
Arecibo,2015-2019,1,77.47760291858165,77.14325780210982,76.57698536091719,77.81978802463482,Estimación adecuada
Arecibo,2020-2024,1,77.03404417797987,76.75477359073689,76.24920583934252,77.37364018542536,Estimación adecuada
Arroyo,1980-1984,1,69.26197243419952,69.87488515144305,68.84126525930306,70.98587543174608,Estimación adecuada
Arroyo,1985-1989,1,69.06544938666637,69.73461512066773,68.64341626303755,70.56454418317789,Estimación adecuada
Arroyo,1990-1994,1,69.467701272295,69.57734335514462,68.74506421609794,70.8063935691309,Estimación adecuada
Arroyo,1995-1999,1,69.35840651861476,69.77707056022496,68.84191780028796,70.82669355644232,Estimación adecuada
Arroyo,2000-2004,1,72.46263355278661,72.29921526484151,71.13107408830348,73.24056844635358,Estimación adecuada
Arroyo,2005-2009,1,73.52924324703847,73.3052575464274,72.20174652192595,74.678999684926,Estimación adecuada
Arroyo,2010-2014,1,73.74855783813933,74.28024508624586,73.08614682139697,75.06130495360756,Estimación adecuada
Arroyo,2015-2019,1,74.8566557237882,76.07848316283372,75.0614308295918,77.3220119180426,> e0 observado
Arroyo,2020-2024,1,77.15040742709186,76.53950800227429,75.3908308557576,77.74498237301316,Estimación adecuada
Barceloneta,1980-1984,1,69.54208697130086,70.6151648727202,69.42845673051175,71.61999660444837,Estimación adecuada
Barceloneta,1985-1989,1,72.20256138308129,71.48546542306238,70.41134667309686,72.68835178318854,Estimación adecuada
Barceloneta,1990-1994,1,71.82801102859922,70.92439922011148,70.04537786404961,71.76575759743017,< e0 observado
Barceloneta,1995-1999,1,69.62763398284126,70.5118660687456,69.63973917896128,71.48806415031846,> e0 observado
Barceloneta,2000-2004,1,74.25217285421826,73.36350152379423,72.34382227746663,74.36972727392946,Estimación adecuada
Barceloneta,2005-2009,1,75.14771749617947,74.43635316360675,73.25301997867558,75.63778291198942,Estimación adecuada
Barceloneta,2010-2014,1,75.38250616989667,75.36609252287434,74.28965026408028,76.28782925004688,Estimación adecuada
Barceloneta,2015-2019,1,79.11645760546239,77.37391151225594,76.3582396492133,78.58444527094623,< e0 observado
Barceloneta,2020-2024,1,75.82195956003592,75.92437634043037,74.97470982562166,76.72378470380411,Estimación adecuada
Barranquitas,1980-1984,1,71.33876197975141,71.52672151981045,70.64366179994144,72.43503257875264,Estimación adecuada
Barranquitas,1985-1989,1,71.51414892357278,71.53888750158822,70.51552088984253,72.37120214275903,Estimación adecuada
Barranquitas,1990-1994,1,70.61622752203239,71.00018943092758,70.05772510265314,71.79313605231428,Estimación adecuada
Barranquitas,1995-1999,1,71.30535167741402,70.89819051696549,70.01495997221653,72.04512865544842,Estimación adecuada
Barranquitas,2000-2004,1,73.94139576064687,73.75780095966036,72.82102102188412,74.7275892225444,Estimación adecuada
Barranquitas,2005-2009,1,75.7544247310515,75.13401312405071,74.00905135327042,76.41574426423159,Estimación adecuada
Barranquitas,2010-2014,1,75.82434696179858,75.75616598288593,74.8392903434855,76.8445003412845,Estimación adecuada
Barranquitas,2015-2019,1,78.70088384920705,77.98361018808481,76.86217934781654,78.93435490266515,Estimación adecuada
Barranquitas,2020-2024,1,77.70140580259377,77.76737348235271,76.5642548896807,78.78387667739308,Estimación adecuada
Bayamon,1980-1984,1,72.04514701418194,71.8678002690622,71.36817834800036,72.36790333110969,Estimación adecuada
Bayamon,1985-1989,1,71.5983747916107,71.44540497707153,71.03289299221359,72.00432293319847,Estimación adecuada
Bayamon,1990-1994,1,69.4013098024391,69.67652417060057,69.16451585117377,70.17131366333598,Estimación adecuada
Bayamon,1995-1999,1,70.77177966925491,70.91792530840196,70.45209186473757,71.35229048320457,Estimación adecuada
Bayamon,2000-2004,1,73.5738231086305,73.4643308478192,73.10889982139778,74.01547297727181,Estimación adecuada
Bayamon,2005-2009,1,74.78989094750837,74.66379739217334,74.29396200504837,75.08322134602503,Estimación adecuada
Bayamon,2010-2014,1,76.39050901350164,76.19511440786872,75.76978400273012,76.69204300519218,Estimación adecuada
Bayamon,2015-2019,1,77.4241342974101,77.42169263077945,77.0081660105262,77.89080781714406,Estimación adecuada
Bayamon,2020-2024,1,76.28240347769595,76.26741595685708,75.72905712484886,76.74309729729153,Estimación adecuada
Cabo Rojo,1980-1984,1,72.39724763936692,72.69867053066211,71.82471723277328,73.5181699238533,Estimación adecuada
Cabo Rojo,1985-1989,1,73.0487252974488,72.86322135308755,71.94237805291257,73.97993068084122,Estimación adecuada
Cabo Rojo,1990-1994,1,72.97925410251543,72.49844826554734,71.83441767953818,73.4727194895762,Estimación adecuada
Cabo Rojo,1995-1999,1,72.48815364764029,72.36207842326442,71.62691234350069,73.082444663878,Estimación adecuada
Cabo Rojo,2000-2004,1,75.02839226790125,74.59587875881937,73.86669888981328,75.38543375322647,Estimación adecuada
Cabo Rojo,2005-2009,1,76.84328880547318,75.94555047556408,75.1661201789162,76.87954792863574,Estimación adecuada
Cabo Rojo,2010-2014,1,75.75368420461353,76.12119442713797,75.47219440083256,76.8689142387677,Estimación adecuada
Cabo Rojo,2015-2019,1,79.78583423632398,79.1097600713005,78.11648099292873,79.88335072393241,Estimación adecuada
Cabo Rojo,2020-2024,1,79.36891590464816,79.12068301084847,78.31370789282465,79.94098692766156,Estimación adecuada
Caguas,1980-1984,1,71.72229204508375,71.42651645357066,70.80395703270126,72.10598766771906,Estimación adecuada
Caguas,1985-1989,1,70.39381171255258,70.26909493890824,69.7338943906359,70.80639843642025,Estimación adecuada
Caguas,1990-1994,1,68.8176451180551,69.190582537369,68.48243839332675,69.69936940760435,Estimación adecuada
Caguas,1995-1999,1,69.69055735609852,69.97801865367211,69.51448949763447,70.5363172337166,Estimación adecuada
Caguas,2000-2004,1,73.107794927577,72.99408476429446,72.44074859027498,73.53636292032401,Estimación adecuada
Caguas,2005-2009,1,74.70961206827913,74.40560926595809,73.92589338471552,75.04225921709019,Estimación adecuada
Caguas,2010-2014,1,74.58554015299133,74.83566459056831,74.34871904872547,75.38796518504262,Estimación adecuada
Caguas,2015-2019,1,77.12465328076702,77.17018951823312,76.56994765040682,77.715611318698,Estimación adecuada
Caguas,2020-2024,1,76.29588342135226,76.16129543396926,75.58377493106873,76.65151600146017,Estimación adecuada
Camuy,1980-1984,1,72.00953497661486,72.12973223413528,71.06686650109296,73.06335748798537,Estimación adecuada
Camuy,1985-1989,1,73.05563270338816,72.57110824304971,71.46908842869539,73.6609744293514,Estimación adecuada
Camuy,1990-1994,1,72.48592866320423,71.97589597604593,70.91211727017551,72.94873158177039,Estimación adecuada
Camuy,1995-1999,1,72.6730064081168,72.25627411348867,71.29085907895733,73.04637044849035,Estimación adecuada
Camuy,2000-2004,1,75.51776152008142,74.61757254089063,73.6174872500446,75.38980314770134,< e0 observado
Camuy,2005-2009,1,76.01134322923592,75.37311152168212,74.48359892842518,76.33596648082813,Estimación adecuada
Camuy,2010-2014,1,77.47114401608678,76.31566785849773,75.49280735326926,77.14249232814356,< e0 observado
Camuy,2015-2019,1,78.31044325410552,77.88453141395334,76.94058598100881,78.78740525442328,Estimación adecuada
Camuy,2020-2024,1,78.26146309261183,77.69778353850782,76.73881317261896,78.52358678099833,Estimación adecuada
Canovanas,1980-1984,1,73.2999178869587,71.3846789707523,70.51507207739343,72.18424535519478,< e0 observado
Canovanas,1985-1989,1,71.61537365310774,70.94502644771075,70.12612889959962,71.890853640476,Estimación adecuada
Canovanas,1990-1994,1,68.47857316458972,69.19944923108136,68.25894979397742,70.1017722588567,Estimación adecuada
Canovanas,1995-1999,1,67.92417601162161,68.9392388879011,68.02133570274846,69.79941093054447,> e0 observado
Canovanas,2000-2004,1,71.16133588099902,71.91055182284452,70.91865006246609,72.7174674793954,Estimación adecuada
Canovanas,2005-2009,1,72.03527888088188,72.92019359858477,72.06652555188742,73.89787834592804,> e0 observado
Canovanas,2010-2014,1,73.73163177655941,74.44301484560577,73.6107069102334,75.44328200181812,Estimación adecuada
Canovanas,2015-2019,1,76.47578865798283,76.57445191005581,75.5952155384696,77.453933696684,Estimación adecuada
Canovanas,2020-2024,1,75.27011547141527,75.29511514699189,74.67738125612253,76.03206289163941,Estimación adecuada
Carolina,1980-1984,1,72.6794571065647,72.45142176143588,71.81922280751809,72.98515157323627,Estimación adecuada
Carolina,1985-1989,1,71.45905207579524,71.36338922213548,70.88091168598086,71.82221013960992,Estimación adecuada
Carolina,1990-1994,1,69.88961527032848,70.2125307303101,69.62727444045375,70.67434167035543,Estimación adecuada
Carolina,1995-1999,1,70.60394767924991,70.79627336371979,70.31053075328299,71.3386925156741,Estimación adecuada
Carolina,2000-2004,1,73.93076115352547,73.89032499084641,73.4684893741872,74.38318931211482,Estimación adecuada
Carolina,2005-2009,1,74.82294831043073,74.81311920982469,74.13964186970023,75.33175892188385,Estimación adecuada
Carolina,2010-2014,1,75.7216623224996,75.96816436797764,75.41987538365385,76.42992154121286,Estimación adecuada
Carolina,2015-2019,1,78.16150181754098,78.00503902209428,77.42084553716737,78.61629559981102,Estimación adecuada
Carolina,2020-2024,1,78.61601699181084,78.31263699532704,77.68894019202617,78.78643826643594,Estimación adecuada
Catano,1980-1984,1,64.71158204088911,66.05228363854397,64.81986762416672,66.88305023224163,> e0 observado
Catano,1985-1989,1,65.74843366392102,66.59547516139125,65.7291721108555,67.64443447491358,Estimación adecuada
Catano,1990-1994,1,63.551421617424765,65.23331438417253,64.43200465330291,66.14187621257406,> e0 observado
Catano,1995-1999,1,64.95894376240564,66.19874165702919,65.31182031206555,66.91196951912025,> e0 observado
Catano,2000-2004,1,69.54736006919788,69.86851849991699,69.07065554633289,70.64359837922267,Estimación adecuada
Catano,2005-2009,1,70.0088463290445,70.48088802503347,69.73071521853062,71.27670936974096,Estimación adecuada
Catano,2010-2014,1,73.04054164065786,72.65713586370978,71.51169485401003,73.65702758021295,Estimación adecuada
Catano,2015-2019,1,73.65254048968006,73.98217134720684,73.04583969638816,75.15442888278619,Estimación adecuada
Catano,2020-2024,1,73.01737041087927,73.47437345109724,72.57077539131076,74.55852682526182,Estimación adecuada
Cayey,1980-1984,1,71.32064492875627,71.03291897390827,70.27002364988832,71.88929780908498,Estimación adecuada
Cayey,1985-1989,1,69.35200072016079,69.82280188174538,69.11145519929084,70.75080733048608,Estimación adecuada
Cayey,1990-1994,1,69.27521430891126,69.93946377158963,69.08871341804625,70.49587413709486,Estimación adecuada
Cayey,1995-1999,1,70.01299547508536,70.5300802181277,69.80895265986044,71.25085517970481,Estimación adecuada
Cayey,2000-2004,1,73.68749999421473,73.43873557470204,72.68108554392956,74.19911389340598,Estimación adecuada
Cayey,2005-2009,1,73.99614368964569,74.5626174178226,73.68353715953917,75.38331999281431,Estimación adecuada
Cayey,2010-2014,1,75.00610378038506,75.50028312813342,74.81541407506839,76.37738452493588,Estimación adecuada
Cayey,2015-2019,1,78.54670044615935,78.14513007464416,77.31441332733871,78.9908151418293,Estimación adecuada
Cayey,2020-2024,1,79.40962956727441,78.86914213181649,77.96904084005861,80.02829344966538,Estimación adecuada
Ceiba,1980-1984,1,72.14585176157938,71.59308536352285,70.54577553087907,72.86139508777342,Estimación adecuada
Ceiba,1985-1989,1,70.6198183166503,70.86642953493839,69.88887312851259,72.04900718309057,Estimación adecuada
Ceiba,1990-1994,1,71.00935671117365,70.88996863260384,69.82164261681206,72.05278119531877,Estimación adecuada
Ceiba,1995-1999,1,72.51721647517238,71.39887502138372,70.007478761746,72.47242649888331,< e0 observado
Ceiba,2000-2004,1,74.86667065353893,73.61304602087293,72.71643019108595,74.85245488749108,< e0 observado
Ceiba,2005-2009,1,76.12252834869311,74.79978894250976,73.65820980374053,76.13410370919507,Estimación adecuada
Ceiba,2010-2014,1,75.46412666889606,76.29929861926583,75.08977283787785,77.37479254902314,Estimación adecuada
Ceiba,2015-2019,1,78.54557923356414,77.81144255566876,76.45706687717629,79.15484755116024,Estimación adecuada
Ceiba,2020-2024,1,72.26101326760208,76.49612822054547,75.34018933851213,77.71986862161415,> e0 observado
Ciales,1980-1984,1,73.3601690081269,72.63981384814363,71.68251522610277,73.65818868600843,Estimación adecuada
Ciales,1985-1989,1,73.80385799895002,72.82016418854079,71.84254344052084,74.04821203226754,Estimación adecuada
Ciales,1990-1994,1,72.25274862856378,72.06724978778769,70.83751238304897,73.17136305409645,Estimación adecuada
Ciales,1995-1999,1,71.42663286324974,72.05723454930829,70.90842576630905,73.13513640801031,Estimación adecuada
Ciales,2000-2004,1,72.8877247015535,73.86867297239739,72.84942074054945,74.88196260949627,Estimación adecuada
Ciales,2005-2009,1,74.52536084511352,75.04514656679363,74.15345120933655,76.05598350641517,Estimación adecuada
Ciales,2010-2014,1,75.83944224399347,76.60449543743397,75.77866377228864,77.56279890242365,Estimación adecuada
Ciales,2015-2019,1,80.35963140996523,78.66956649180597,77.46877027120732,79.8794580204293,< e0 observado
Ciales,2020-2024,1,78.0952139934909,77.9498127396944,77.11338799218828,79.16870251400464,Estimación adecuada
Cidra,1980-1984,1,72.92625993210298,73.29483967520093,72.12763028290962,74.3838129597266,Estimación adecuada
Cidra,1985-1989,1,72.65671880748917,72.67932549686199,71.74803719352414,73.62845186791083,Estimación adecuada
Cidra,1990-1994,1,74.59270123853278,73.62177627664519,72.53307640080371,74.43124261187182,< e0 observado
Cidra,1995-1999,1,74.21713653214772,73.63124809700159,72.82534477514092,74.468537108439,Estimación adecuada
Cidra,2000-2004,1,76.1648075054388,75.5500433854526,74.64991281425839,76.55583822651282,Estimación adecuada
Cidra,2005-2009,1,76.2488157847596,76.20032358679128,75.22392632548444,77.34309166955781,Estimación adecuada
Cidra,2010-2014,1,77.33131059096634,77.58603520758714,76.57280380424956,78.42357650574425,Estimación adecuada
Cidra,2015-2019,1,78.97458456608396,79.12865246764227,78.25088028624397,79.83495555863783,Estimación adecuada
Cidra,2020-2024,1,79.7427353948676,79.4578343924405,78.54229066004767,80.80859724486817,Estimación adecuada
Coamo,1980-1984,1,71.83261143264684,71.83711124641823,71.02945071724741,73.09439763162756,Estimación adecuada
Coamo,1985-1989,1,71.23431252697634,71.45450685694465,70.56214172954682,72.4111427356647,Estimación adecuada
Coamo,1990-1994,1,71.15206342123702,71.25232679211742,70.48036451467067,72.11164897956643,Estimación adecuada
Coamo,1995-1999,1,71.1960753395491,71.373996061296907,70.515777956811,72.20558818733363,Estimación adecuada
Coamo,2000-2004,1,73.24248106281058,73.28366522355114,72.53070402550637,74.21930750346536,Estimación adecuada
Coamo,2005-2009,1,76.67061680312946,75.45609682858839,74.52233587796276,76.38369520379831,< e0 observado
Coamo,2010-2014,1,76.08519397019607,75.85169226986278,75.10204633173149,76.82323732875483,Estimación adecuada
Coamo,2015-2019,1,76.3555860235564,76.74007944139198,75.74446948980733,77.68154344091514,Estimación adecuada
Coamo,2020-2024,1,78.73457128285159,77.85415715429525,76.98293444155058,78.79324596658347,Estimación adecuada
Comerio,1980-1984,1,72.39160599187598,72.09758422102716,70.9887024388687,73.33211698736216,Estimación adecuada
Comerio,1985-1989,1,72.46599051488649,71.90877202318914,70.98508878176466,72.99162692428132,Estimación adecuada
Comerio,1990-1994,1,72.63261964951914,71.65386956005739,70.61793360922832,72.80244869862568,Estimación adecuada
Comerio,1995-1999,1,71.13227286201818,71.60562894724205,70.49243823629595,72.5385156614042,Estimación adecuada
Comerio,2000-2004,1,73.74046365047266,73.7462609998457,72.74303411027898,74.72650542874433,Estimación adecuada
Comerio,2005-2009,1,75.30350166697882,74.90898629560883,74.02164024542947,75.89237499944065,Estimación adecuada
Comerio,2010-2014,1,77.88992392393747,76.82434945693458,75.58028302184412,77.7597011747323,< e0 observado
Comerio,2015-2019,1,76.11616223403381,76.90765518312773,75.64927046079718,78.1107574231136,Estimación adecuada
Comerio,2020-2024,1,75.23982921549162,76.35917812501492,75.27317087714061,77.39975024823067,> e0 observado
Corozal,1980-1984,1,72.8434269620364,72.51077875554432,71.56536924775186,73.66642554849224,Estimación adecuada
Corozal,1985-1989,1,74.16679537755694,72.8834883858574,72.02258575428112,73.68584644023892,< e0 observado
Corozal,1990-1994,1,71.27571092432538,71.46811766965163,70.47438108385481,72.61311730666952,Estimación adecuada
Corozal,1995-1999,1,71.90053240132126,72.14838369411288,71.26072745457873,73.0806722078039,Estimación adecuada
Corozal,2000-2004,1,75.40121472632262,74.82079360423535,73.8001516812343,75.7591907681213,Estimación adecuada
Corozal,2005-2009,1,75.29676896497347,75.38413112999064,74.49159320873083,76.3501870118387,Estimación adecuada
Corozal,2010-2014,1,76.61800376671373,76.56645837842339,75.66019823468102,77.65810611082338,Estimación adecuada
Corozal,2015-2019,1,78.84838673591865,78.09211093277796,77.31983808518541,79.18160072671498,Estimación adecuada
Corozal,2020-2024,1,76.44862204173214,77.37281804041532,76.50040733755614,78.16435366326658,> e0 observado
Culebra,1980-1984,1,94.69722323815856,73.77518327359016,72.01387242316343,75.57632381349693,< e0 observado
Culebra,1985-1989,1,76.63588305134152,72.86341295594137,71.39658333823701,74.73667248281184,< e0 observado
Culebra,1990-1994,1,75.23127689590049,72.70661896378098,71.0742964986568,74.40939320298509,< e0 observado
Culebra,1995-1999,1,72.53390965878926,73.12974743833149,71.00797078683821,74.61307503990733,Estimación adecuada
Culebra,2000-2004,1,83.74648606676807,75.69123567462546,73.80538219773891,77.45889283493949,< e0 observado
Culebra,2005-2009,1,79.35518350612848,76.36163195451704,75.062407208852,78.4235526281084,< e0 observado
Culebra,2010-2014,1,73.27486001063872,77.65239860827097,75.87840808338441,79.57525374739181,> e0 observado
Culebra,2015-2019,1,73.7782353124013,78.69694456205212,77.18711706219872,81.00037171448123,> e0 observado
Culebra,2020-2024,1,71.17558414919206,78.40467447999347,76.79206344844098,80.25422479941768,> e0 observado
Dorado,1980-1984,1,73.06768394242143,72.54668239591606,71.33257881616865,73.5518356448801,Estimación adecuada
Dorado,1985-1989,1,70.98138714935332,71.06229135087011,70.28766558695953,72.06248205229576,Estimación adecuada
Dorado,1990-1994,1,70.60163270459446,71.1850487826899,70.17276777237524,72.33150065837788,Estimación adecuada
Dorado,1995-1999,1,71.14661901491276,71.56427403060329,70.57342758843922,72.59561955121191,Estimación adecuada
Dorado,2000-2004,1,72.80125816712727,73.17750224785804,72.35106308410694,74.23825039542194,Estimación adecuada
Dorado,2005-2009,1,74.74216888739862,74.8885874688543,73.9363860525464,75.86654969535833,Estimación adecuada
Dorado,2010-2014,1,77.3972526095473,77.11314337636807,75.9686870335359,77.96328256475218,Estimación adecuada
Dorado,2015-2019,1,79.05317477178703,78.23204017580721,77.24137723274934,79.20277054155,Estimación adecuada
Dorado,2020-2024,1,77.54648054972814,77.5563166775438,76.54206523992578,78.50064157316835,Estimación adecuada
Fajardo,1980-1984,1,70.97992961345321,70.21270732810825,69.22333797870584,71.15531512331343,Estimación adecuada
Fajardo,1985-1989,1,71.1887876704971,70.41993792670695,69.39887728911134,71.27417700178194,Estimación adecuada
Fajardo,1990-1994,1,68.18099629812696,68.79770465749428,67.98628038520471,69.7422511195051,Estimación adecuada
Fajardo,1995-1999,1,69.86154006659808,69.98186355034238,69.31962494301189,70.70036234937336,Estimación adecuada
Fajardo,2000-2004,1,71.85134936418909,71.70992183404047,71.09296509296261,72.58936737030918,Estimación adecuada
Fajardo,2005-2009,1,72.01498955956528,72.52013019785859,71.74025720056136,73.40627689280488,Estimación adecuada
Fajardo,2010-2014,1,73.1648079564502,74.16431855270328,73.46978069989468,75.20569425093295,> e0 observado
Fajardo,2015-2019,1,76.15087862256587,76.3507427507634,75.50907822909255,77.52183649897925,Estimación adecuada
Fajardo,2020-2024,1,74.31868957649468,74.90730890270078,73.8345552530291,75.79826540149055,Estimación adecuada
Florida,1980-1984,1,71.06938753374574,71.60510236554843,70.21519431588973,72.80800396052277,Estimación adecuada
Florida,1985-1989,1,70.64603223425698,71.22820976978787,70.01270573104131,72.73051844869164,Estimación adecuada
Florida,1990-1994,1,70.01533527514864,70.61138078780587,69.61325381820669,71.90314333775117,Estimación adecuada
Florida,1995-1999,1,71.65894113726901,71.88337499016862,70.7306724763281,72.9427993076549,Estimación adecuada
Florida,2000-2004,1,75.01444427678842,73.86241973424546,72.97099456838501,75.32329459272363,Estimación adecuada
Florida,2005-2009,1,76.54783220170152,74.94985622169179,73.51952842896955,76.2442244613325,< e0 observado
Florida,2010-2014,1,79.58931937931183,77.11608025498401,75.90125500584966,78.207695512639,< e0 observado
Florida,2015-2019,1,77.39963673465637,77.17364145183352,75.76225669804806,78.56782012972575,Estimación adecuada
Florida,2020-2024,1,76.48138637441758,77.28549149413243,76.25647737184741,78.55036784970329,Estimación adecuada
Guanica,1980-1984,1,70.29160656173029,69.82674716026014,68.76107074246535,70.85637477256168,Estimación adecuada
Guanica,1985-1989,1,69.64590752945972,69.4362709916729,68.38980779802057,70.50743119752735,Estimación adecuada
Guanica,1990-1994,1,69.00330089577055,69.14923066398953,68.27081071283331,70.08453984432887,Estimación adecuada
Guanica,1995-1999,1,68.75925697690468,69.37093037570574,68.48525440087442,70.26838238283554,Estimación adecuada
Guanica,2000-2004,1,72.36855900985053,71.97380953859432,70.85002755408989,73.02177476064065,Estimación adecuada
Guanica,2005-2009,1,71.69965700518571,72.45446067594531,71.32660533890194,73.31047294370472,Estimación adecuada
Guanica,2010-2014,1,75.43056531334524,74.54669812900639,73.3097040287565,75.46141031442332,Estimación adecuada
Guanica,2015-2019,1,74.6061778340804,74.80229975148116,73.62750116117073,75.78175201319118,Estimación adecuada
Guanica,2020-2024,1,73.35967274163447,74.5502603714747,73.59095602292905,75.56184582745936,> e0 observado
Guayama,1980-1984,1,70.24592277647761,70.02401512019142,69.07014134920355,71.04799795519293,Estimación adecuada
Guayama,1985-1989,1,69.18407376779939,69.36793770350404,68.51294696214103,70.13217934307819,Estimación adecuada
Guayama,1990-1994,1,69.12774545799293,69.44041033518582,68.61536642964444,70.36923966437685,Estimación adecuada
Guayama,1995-1999,1,69.89298463348949,70.01519944547019,69.16299754417624,70.87316758491215,Estimación adecuada
Guayama,2000-2004,1,71.73959231092829,71.7517819033408,70.88559708751026,72.59321676883039,Estimación adecuada
Guayama,2005-2009,1,74.004627225837,73.51864653845752,72.78958913032622,74.41407139506235,Estimación adecuada
Guayama,2010-2014,1,76.0922078825251,75.26774903316235,74.29950666334159,76.17359334283762,Estimación adecuada
Guayama,2015-2019,1,76.61959145312574,76.29433066957338,75.541241224591,77.25630659303275,Estimación adecuada
Guayama,2020-2024,1,73.93879414262592,75.08076500020614,74.20321276849478,76.03624860067615,> e0 observado
Guayanilla,1980-1984,1,72.58983279684577,71.41590209779326,70.49386987702465,72.63202532305452,Estimación adecuada
Guayanilla,1985-1989,1,70.73661721916349,70.30631241138627,69.29912734601999,71.39162241425191,Estimación adecuada
Guayanilla,1990-1994,1,72.37752924339648,71.0933457557226,70.2451556829622,71.94986896963326,< e0 observado
Guayanilla,1995-1999,1,72.22131902455737,71.08536192223812,69.91792054489564,71.99599209502438,< e0 observado
Guayanilla,2000-2004,1,74.05744082522244,73.21587631887729,72.20222236922727,74.03549901738366,< e0 observado
Guayanilla,2005-2009,1,73.36781184296053,73.75072022605961,72.70753145740494,74.65953854230663,Estimación adecuada
Guayanilla,2010-2014,1,77.2541883457964,75.78830107051276,74.76825106252798,76.97328742832346,< e0 observado
Guayanilla,2015-2019,1,74.50306944491258,76.25512722418344,75.0093612016529,77.21788593451657,> e0 observado
Guayanilla,2020-2024,1,73.73722385919334,75.43115607540479,74.42989504169614,76.40965890052061,> e0 observado
Guaynabo,1980-1984,1,73.33304020193007,72.96951016130235,72.4459988848595,73.60904147630518,Estimación adecuada
Guaynabo,1985-1989,1,73.30720790413426,73.04275604358634,72.40723934719111,73.85717478966848,Estimación adecuada
Guaynabo,1990-1994,1,71.64759712414893,71.9784561144163,71.23495451528512,72.76242982180634,Estimación adecuada
Guaynabo,1995-1999,1,71.70557982807048,72.27642048271281,71.61330578301946,72.8845644317986,Estimación adecuada
Guaynabo,2000-2004,1,74.5460879922691,74.77823453566319,74.10292475218115,75.42427814462248,Estimación adecuada
Guaynabo,2005-2009,1,75.40004142189414,75.61933942193988,74.9837447473921,76.15858739868861,Estimación adecuada
Guaynabo,2010-2014,1,77.3578270076508,77.37257697769635,76.6648906317499,77.97833343476302,Estimación adecuada
Guaynabo,2015-2019,1,79.63090232574721,79.21040938656108,78.50350228145476,79.93469241778814,Estimación adecuada
Guaynabo,2020-2024,1,77.36899877443203,77.6588504050793,77.07431888281944,78.3721116057863,Estimación adecuada
Gurabo,1980-1984,1,72.10043466021936,71.93991427009271,71.02938187328135,72.90844486349437,Estimación adecuada
Gurabo,1985-1989,1,72.09864341259255,71.95488109922871,70.9915522968443,72.8619756761117,Estimación adecuada
Gurabo,1990-1994,1,70.06358422124045,70.84975938353567,69.92278498728372,71.83970410738405,Estimación adecuada
Gurabo,1995-1999,1,72.62979875914179,72.34231809698508,71.47656872087009,73.09734469312221,Estimación adecuada
Gurabo,2000-2004,1,73.72455425616529,73.90467662157417,72.97077505665445,74.9053818972562,Estimación adecuada
Gurabo,2005-2009,1,75.38673648949066,75.45445417630302,74.59140400356287,76.43110685450065,Estimación adecuada
Gurabo,2010-2014,1,75.74184183502217,76.20231380721893,75.33355522661844,77.19079849186448,Estimación adecuada
Gurabo,2015-2019,1,77.82655629619259,77.69362476537748,76.93789814324299,78.64145057352897,Estimación adecuada
Gurabo,2020-2024,1,78.1508349062683,77.60300436420255,76.95113564592802,78.58642019861566,Estimación adecuada
Hatillo,1980-1984,1,71.99152036613721,72.29095107763358,71.31743370652615,73.26081280017166,Estimación adecuada
Hatillo,1985-1989,1,72.73472078364017,72.46950639002623,71.52506327428868,73.3542176228018,Estimación adecuada
Hatillo,1990-1994,1,72.2998423174012,71.94560473083529,71.17559824019028,72.71105910734613,Estimación adecuada
Hatillo,1995-1999,1,72.51848608651568,72.17348502286315,71.0763294556329,73.08606708478194,Estimación adecuada
Hatillo,2000-2004,1,74.45467151298737,73.97281037138643,73.13548027001295,74.75496464333565,Estimación adecuada
Hatillo,2005-2009,1,75.71645524793598,75.10372326726494,74.32876618343852,75.7500176489147,Estimación adecuada
Hatillo,2010-2014,1,77.71502056183984,77.00401270864158,76.12190825010512,77.78987567893887,Estimación adecuada
Hatillo,2015-2019,1,79.67724729389147,78.96811441618507,77.9449013384206,80.07892389228797,Estimación adecuada
Hatillo,2020-2024,1,78.47632497278812,78.10392858700851,77.29821013797144,79.03905360750525,Estimación adecuada
Hormigueros,1980-1984,1,74.05856561737721,73.86200831239644,72.57111675451097,74.97107005547653,Estimación adecuada
Hormigueros,1985-1989,1,73.08737524946572,73.20920579600428,72.1619772132489,74.61247456554747,Estimación adecuada
Hormigueros,1990-1994,1,74.61350802067456,73.45921555355088,72.500742038987525,74.51480421604882,< e0 observado
Hormigueros,1995-1999,1,74.87703445651637,73.62585355300669,72.47645072074491,74.72019130475844,< e0 observado
Hormigueros,2000-2004,1,75.50618073944777,75.28892400440228,73.97539743551984,76.42496481659208,Estimación adecuada
Hormigueros,2005-2009,1,76.10054922666298,76.3503256145238,75.38417421442549,77.34293002083355,Estimación adecuada
Hormigueros,2010-2014,1,76.11918178416535,77.41722866908339,76.25073791121395,78.4880340785271,> e0 observado
Hormigueros,2015-2019,1,77.91392313609006,78.60613629364906,77.60198083707857,79.91404187677338,Estimación adecuada
Hormigueros,2020-2024,1,78.36911216509105,78.87388046727013,78.02278841148623,80.28295670540155,Estimación adecuada
Humacao,1980-1984,1,70.58258576927221,70.63764695413792,69.87609198793203,71.46681657248857,Estimación adecuada
Humacao,1985-1989,1,70.67071512913827,70.76216934332062,69.96340573745319,71.51986155339432,Estimación adecuada
Humacao,1990-1994,1,69.59966588678492,69.97483312782023,69.30919755087439,70.58529471946298,Estimación adecuada
Humacao,1995-1999,1,71.67034271113566,71.26877256690943,70.62560338228849,72.01348973066024,Estimación adecuada
Humacao,2000-2004,1,73.45461991775991,73.2901420090741,72.59181238017922,74.13138637474185,Estimación adecuada
Humacao,2005-2009,1,73.61846549183731,74.06553403882768,73.02207624224292,74.87554002224714,Estimación adecuada
Humacao,2010-2014,1,75.80326051258055,75.84682742671912,75.00613267947503,76.71684315087501,Estimación adecuada
Humacao,2015-2019,1,76.7386829389743,77.09901573127813,76.28061026489834,77.95721562935019,Estimación adecuada
Humacao,2020-2024,1,76.7404128820364,77.44876683906804,76.67639027210129,78.1851252896439,Estimación adecuada
Isabela,1980-1984,1,73.09738020117423,72.8393135275918,72.0892216836275,73.548158035869,Estimación adecuada
Isabela,1985-1989,1,71.58083949829111,71.66100542776807,70.63932836844492,72.55394398260272,Estimación adecuada
Isabela,1990-1994,1,72.0475169163787,71.58134154307709,70.80519352719827,72.51106560330247,Estimación adecuada
Isabela,1995-1999,1,71.86251133480623,71.56331675945123,70.89248365941742,72.41630958438449,Estimación adecuada
Isabela,2000-2004,1,73.31643311223908,73.23595004729606,72.77230015688758,74.02186342110136,Estimación adecuada
Isabela,2005-2009,1,75.53006169201437,74.82915998275338,74.10454049408052,75.54828960824837,Estimación adecuada
Isabela,2010-2014,1,76.3459756319445,76.21396895072508,75.34656025782553,77.12786061843465,Estimación adecuada
Isabela,2015-2019,1,78.28631956544136,77.82070935885666,76.8400977672354,78.8706325725559,Estimación adecuada
Isabela,2020-2024,1,78.44494383134611,77.4971730904912,76.441969600077,78.27401441552206,< e0 observado
Jayuya,1980-1984,1,71.54820346169252,72.00228160470941,70.83627166357158,73.10939992519783,Estimación adecuada
Jayuya,1985-1989,1,71.8852739133792,71.55993402560823,70.50640156115936,72.66561426477176,Estimación adecuada
Jayuya,1990-1994,1,71.61501384784762,71.45156439524291,70.25610391146421,72.43624949372239,Estimación adecuada
Jayuya,1995-1999,1,72.762612067533,72.33384766245425,71.27006909862277,73.3476297709696,Estimación adecuada
Jayuya,2000-2004,1,74.804694975474,73.95857635624462,73.09817063970317,74.8768608669553,Estimación adecuada
Jayuya,2005-2009,1,76.29392429833622,75.66682090883943,74.35631219798339,76.92230909428571,Estimación adecuada
Jayuya,2010-2014,1,77.86670993006521,77.08312468898546,75.83892214528431,78.43922132398365,Estimación adecuada
Jayuya,2015-2019,1,79.09662441043547,78.2912234760258,76.53425099058114,79.61917211542493,Estimación adecuada
Jayuya,2020-2024,1,80.33778345942194,79.17638137058114,77.66415964751044,80.91502650372716,Estimación adecuada
Juana Diaz,1980-1984,1,71.10192241498234,70.84402777904307,69.98584043291447,71.81511058080159,Estimación adecuada
Juana Diaz,1985-1989,1,70.59066146569734,70.63121260582619,69.90349638109632,71.48436746368003,Estimación adecuada
Juana Diaz,1990-1994,1,70.59462619152536,70.56278985648738,69.64290362934094,71.48592280398071,Estimación adecuada
Juana Diaz,1995-1999,1,70.63826210363753,70.62402132776847,69.9239447624436,71.34336807638323,Estimación adecuada
Juana Diaz,2000-2004,1,72.42010194033637,72.54359067544726,71.85805798715619,73.33069547117543,Estimación adecuada
Juana Diaz,2005-2009,1,74.09224072675535,74.29706803532102,73.55061778292776,75.18136664555834,Estimación adecuada
Juana Diaz,2010-2014,1,75.9826744595313,75.91513602795345,75.21731373125073,76.73320399405038,Estimación adecuada
Juana Diaz,2015-2019,1,77.4756453319244,77.16253361717611,76.46990713804418,78.14415032413947,Estimación adecuada
Juana Diaz,2020-2024,1,76.12481522857756,76.56414920365677,75.84079710128684,77.25569272075116,Estimación adecuada
Juncos,1980-1984,1,70.4832974097173,70.50133890784647,69.38562029019093,71.53832946341947,Estimación adecuada
Juncos,1985-1989,1,69.32349287604664,69.85005174865773,68.92857907721105,71.04254753267375,Estimación adecuada
Juncos,1990-1994,1,69.26314387145591,69.69786593084564,68.62054266063485,70.52569166045993,Estimación adecuada
Juncos,1995-1999,1,70.43259716290989,70.39574812063623,69.62034236977314,71.31684797808086,Estimación adecuada
Juncos,2000-2004,1,73.50676785386435,72.98118893333208,71.98601023657176,73.85860816415828,Estimación adecuada
Juncos,2005-2009,1,72.5823719234395,73.03434170842823,72.34799895554838,73.94106525679435,Estimación adecuada
Juncos,2010-2014,1,74.05814861532626,74.55629036619632,73.88221851956295,75.50865436613665,Estimación adecuada
Juncos,2015-2019,1,76.99651467647962,76.78200112249783,75.99648594445391,77.51959015685999,Estimación adecuada
Juncos,2020-2024,1,76.96779959385644,76.38429043737865,75.53286119831381,77.51130573491488,Estimación adecuada
Lajas,1980-1984,1,72.46316902920564,72.12666871292186,71.03248952159788,73.13747064280005,Estimación adecuada
Lajas,1985-1989,1,73.36206024807198,72.56342913872433,71.5658936889934,73.59794025377693,Estimación adecuada
Lajas,1990-1994,1,72.37357825429245,72.17410383986146,71.07693282811752,72.93497924124362,Estimación adecuada
Lajas,1995-1999,1,72.56496891931091,72.12109558432785,71.21140376842405,73.20699447580934,Estimación adecuada
Lajas,2000-2004,1,74.14208023792457,74.06942732351652,72.97930614258347,74.98402827066437,Estimación adecuada
Lajas,2005-2009,1,76.68683187769454,75.43146827233772,74.6210915162483,76.54642380985064,< e0 observado
Lajas,2010-2014,1,76.92095663234578,76.50658724623868,75.48357234029422,77.60862616477115,Estimación adecuada
Lajas,2015-2019,1,79.16417400599892,78.10284743605006,77.19866179132123,79.23560493820662,Estimación adecuada
Lajas,2020-2024,1,78.13171144418278,77.6405674809215,76.60957887715549,78.49737406330978,Estimación adecuada
Lares,1980-1984,1,70.93967460008611,71.85933394010542,70.96541295562389,72.62126130529543,> e0 observado
Lares,1985-1989,1,72.07284835603735,72.13484450136659,71.29152821268474,73.18731204083394,Estimación adecuada
Lares,1990-1994,1,71.99408741634562,71.94675669527996,71.25830067557317,72.83280130344156,Estimación adecuada
Lares,1995-1999,1,74.58529726703922,73.60129882355498,72.48618714880782,74.69382234059371,Estimación adecuada
Lares,2000-2004,1,75.1110712856121,74.68731313855733,73.93983231698326,75.61598119755507,Estimación adecuada
Lares,2005-2009,1,76.5462882162104,75.643307951732,74.79177586171377,76.42605594140151,< e0 observado
Lares,2010-2014,1,79.39080265192932,78.18893462282699,77.1606869110264,78.85783992398768,< e0 observado
Lares,2015-2019,1,78.13032401868809,78.00638269408822,77.02938832933407,78.93655266899603,Estimación adecuada
Lares,2020-2024,1,77.84495769277572,78.17670775963953,77.04767688120144,79.07368059311185,Estimación adecuada
Las Marias,1980-1984,1,73.81563474744125,73.80342204730866,72.5285685510402,75.0061005327377,Estimación adecuada
Las Marias,1985-1989,1,73.62469730038673,73.37843774744773,72.0330886809581,74.53740952792094,Estimación adecuada
Las Marias,1990-1994,1,74.00881730690156,73.36197130807086,72.18801028682856,74.42133638864263,Estimación adecuada
Las Marias,1995-1999,1,75.13206537448636,73.72923144890515,72.70203317804999,74.82264642258816,< e0 observado
Las Marias,2000-2004,1,77.0746887546824,75.70673547580034,74.61555928299555,76.89903646723768,< e0 observado
Las Marias,2005-2009,1,78.94241289794024,76.992773826369,75.49474780146815,78.22260319492148,< e0 observado
Las Marias,2010-2014,1,78.9874533300309,77.77086894595749,76.45117926272725,78.89806822177593,< e0 observado
Las Marias,2015-2019,1,78.44180353450636,79.48429369271395,78.16957290208632,81.11014135723453,Estimación adecuada
Las Marias,2020-2024,1,78.65869602395698,79.06065099444162,77.71431567514009,80.29230230827191,Estimación adecuada
Las Piedras,1980-1984,1,72.4628953772312,72.63695832568959,71.69486911773673,73.55461466385299,Estimación adecuada
Las Piedras,1985-1989,1,72.6175420547073,72.3364953191788,71.2824594421111,73.29545022589207,Estimación adecuada
Las Piedras,1990-1994,1,71.55978947014577,71.8674080551843,70.82817076955831,72.70309606340712,Estimación adecuada
Las Piedras,1995-1999,1,73.7555375015721,72.83726822920025,71.98153658838581,73.95128539671924,Estimación adecuada
Las Piedras,2000-2004,1,74.83778165388009,74.41697331742353,73.49631490903839,75.25135012816789,Estimación adecuada
Las Piedras,2005-2009,1,76.55584156350447,75.68794144340711,74.76003599302281,76.71688361737864,Estimación adecuada
Las Piedras,2010-2014,1,75.93351372986655,76.5589849169582,75.68367621850757,77.51256527068716,Estimación adecuada
Las Piedras,2015-2019,1,78.58935894309695,78.27783818673731,77.47957537221593,79.40987203384253,Estimación adecuada
Las Piedras,2020-2024,1,77.65607135099413,77.87405779382235,77.00795699680754,78.94423702717123,Estimación adecuada
Loiza,1980-1984,1,71.29708119790713,70.07627292153187,69.08535449804904,71.46207936116649,Estimación adecuada
Loiza,1985-1989,1,71.11235934077855,69.94762905315625,68.79008431011931,71.04431943111123,< e0 observado
Loiza,1990-1994,1,68.65505357436209,68.74356705054497,67.84218963146932,69.86400308522198,Estimación adecuada
Loiza,1995-1999,1,67.54575668322258,68.83383031476791,67.68591670517839,69.904934767447,> e0 observado
Loiza,2000-2004,1,69.21795433977262,70.84090278719376,69.86866636281685,71.66583225025374,> e0 observado
Loiza,2005-2009,1,69.49244819404063,71.7154073076945,70.88148344345775,72.54519028213305,> e0 observado
Loiza,2010-2014,1,72.71620374599513,73.97036992189211,73.0668631419233,74.88899876318672,> e0 observado
Loiza,2015-2019,1,76.42256809809959,76.14700754701472,75.19343520328621,77.34904598991837,Estimación adecuada
Loiza,2020-2024,1,74.30071613355503,75.20228459314197,74.10913441419216,76.28783664252416,Estimación adecuada
Luquillo,1980-1984,1,71.32237106066451,70.82546614833888,69.92784094523611,72.0791576146849,Estimación adecuada
Luquillo,1985-1989,1,70.58391307233262,70.67068594918771,69.56506624626564,71.7564123265829,Estimación adecuada
Luquillo,1990-1994,1,69.78687362564872,70.15879987725637,69.12584257321848,71.29898018606904,Estimación adecuada
Luquillo,1995-1999,1,68.84529148191722,69.85927489135506,68.73902025473515,70.88114327751067,Estimación adecuada
Luquillo,2000-2004,1,71.56692809461028,72.10140352788511,71.32542515429017,73.3357705973021,Estimación adecuada
Luquillo,2005-2009,1,73.66197666420697,73.80524736514403,72.79437017119211,74.95626483171488,Estimación adecuada
Luquillo,2010-2014,1,74.125398030716255,75.10764749222693,74.00556839571561,76.40745997086168,Estimación adecuada
Luquillo,2015-2019,1,78.24158315716944,76.92605381956903,75.73453648897951,77.94059912597552,< e0 observado
Luquillo,2020-2024,1,76.82778593702754,76.45382639627655,75.36169220965132,77.6650774359685,Estimación adecuada
Manati,1980-1984,1,69.99769254598455,70.24766359594757,69.44392658916766,71.07866205001338,Estimación adecuada
Manati,1985-1989,1,69.40848405753856,69.8941633804547,69.05589387182047,70.61683799353331,Estimación adecuada
Manati,1990-1994,1,69.23507276864738,69.90255616727771,68.66281025929882,70.84881093834625,Estimación adecuada
Manati,1995-1999,1,70.56621278613628,70.67862300560779,69.90553565241164,71.39352063996039,Estimación adecuada
Manati,2000-2004,1,73.5059956746808,72.9920531087962,72.38177993461858,73.87968753806094,Estimación adecuada
Manati,2005-2009,1,74.42317304268016,74.2790274668927,73.29102826594072,74.99348691149467,Estimación adecuada
Manati,2010-2014,1,75.79949582054559,75.4440941133175,74.56495724093497,76.181124568522,Estimación adecuada
Manati,2015-2019,1,76.50082129222024,76.72368528551604,75.93927068444486,77.5883977309787,Estimación adecuada
Manati,2020-2024,1,76.6410779362147,76.45456408501055,75.75762462138607,77.29545824419131,Estimación adecuada
Maricao,1980-1984,1,68.60202825310121,71.95438012638994,70.61780558283502,73.33665961888332,> e0 observado
Maricao,1985-1989,1,74.96773339223955,73.04827671538717,71.65035256091352,74.56999363085508,< e0 observado
Maricao,1990-1994,1,71.6682444194189,72.12762275580283,70.67507720148055,73.26668649758275,Estimación adecuada
Maricao,1995-1999,1,71.33878340346546,72.3450699137553,70.78318786943309,73.77442154561894,Estimación adecuada
Maricao,2000-2004,1,77.71513177879464,75.31743328248403,74.10543562496869,76.61727752878042,< e0 observado
Maricao,2005-2009,1,77.40367339569201,76.04364610275988,74.60080359158607,77.41590327788214,Estimación adecuada
Maricao,2010-2014,1,78.78632855189304,77.42991617018215,75.73545964815375,78.9773914425563,Estimación adecuada
Maricao,2015-2019,1,75.94252949549474,78.4400373311478,76.94056028806412,80.25760860102285,> e0 observado
Maricao,2020-2024,1,78.97029384636113,78.26994821722857,77.04546619871752,79.81903309658429,Estimación adecuada
Maunabo,1980-1984,1,71.14680086853208,71.56045348866321,70.61377017102267,72.72606331471547,Estimación adecuada
Maunabo,1985-1989,1,73.14754634531097,71.78933448830881,70.2919967286767,72.87023878358846,< e0 observado
Maunabo,1990-1994,1,72.41659695481869,71.75326819478514,70.72271416402816,72.86347258429757,Estimación adecuada
Maunabo,1995-1999,1,71.29560582062038,71.55203077224397,70.48680189981435,72.50512313430734,Estimación adecuada
Maunabo,2000-2004,1,73.80432839475543,73.87737032162349,72.50374256318075,75.29512965269932,Estimación adecuada
Maunabo,2005-2009,1,74.64232752557565,74.37943756827599,73.0649065768861,75.38064028689811,Estimación adecuada
Maunabo,2010-2014,1,74.8339607817344,75.71916896987602,74.54997945825383,76.69151312190434,Estimación adecuada
Maunabo,2015-2019,1,78.86941488241771,77.50558999389474,76.26024100645276,78.65251889861278,< e0 observado
Maunabo,2020-2024,1,73.9175174535675,76.4154475707636,75.22204137742841,77.37096316075429,> e0 observado
Mayaguez,1980-1984,1,70.16347210674796,70.35643794716127,69.67377684057442,70.865897890758,Estimación adecuada
Mayaguez,1985-1989,1,70.43422694514761,70.39189388143834,69.8575074407002,71.00147763879869,Estimación adecuada
Mayaguez,1990-1994,1,70.24642591292358,70.24830390335687,69.58399119573073,70.94775827566795,Estimación adecuada
Mayaguez,1995-1999,1,70.79228679899191,70.83825880373604,70.258680530063,71.37513641222941,Estimación adecuada
Mayaguez,2000-2004,1,73.63502357565517,73.29732743740938,72.76851440913299,73.97549504127011,Estimación adecuada
Mayaguez,2005-2009,1,73.96494214443702,73.95349097492456,73.30388978865784,74.45382047075684,Estimación adecuada
Mayaguez,2010-2014,1,74.96249416874119,74.7952924617089,74.1932996807895,75.30292986073803,Estimación adecuada
Mayaguez,2015-2019,1,77.18178911462695,77.15552314172814,76.40961838482929,77.91162768751161,Estimación adecuada
Mayaguez,2020-2024,1,76.09571809909919,76.51085764580117,75.92653613830686,77.41283823537975,Estimación adecuada
Moca,1980-1984,1,71.47861356859958,72.71865189527368,71.73791506606841,73.87232912129748,> e0 observado
Moca,1985-1989,1,74.13223338906987,73.57062619190395,72.65952712874113,74.49345549078443,Estimación adecuada
Moca,1990-1994,1,74.38613122856178,73.70996038535856,72.65404734413136,74.62800664739149,Estimación adecuada
Moca,1995-1999,1,73.93016893221346,73.4969393745346,72.6947712318225,74.27901343326343,Estimación adecuada
Moca,2000-2004,1,76.88913106198095,75.99048797827834,75.16128496300874,76.72499837908671,< e0 observado
Moca,2005-2009,1,78.23027972920578,77.3020816161075,76.36459083084287,78.22930946248586,< e0 observado
Moca,2010-2014,1,78.39894219071823,78.07153675057118,77.28755128716122,79.20089936112177,Estimación adecuada
Moca,2015-2019,1,78.86942315370179,78.67045012368084,77.80987064286562,79.78726515414104,Estimación adecuada
Moca,2020-2024,1,79.5196148813842,79.21620986332351,78.53920546886273,80.08191217272415,Estimación adecuada
Morovis,1980-1984,1,72.75449760171898,72.87329401920043,71.74989908862169,74.25497136223171,Estimación adecuada
Morovis,1985-1989,1,73.00155031190296,72.82920892272503,71.83496828554507,74.26300093416916,Estimación adecuada
Morovis,1990-1994,1,74.7129408866261,73.25218959385988,72.12716607941928,74.12636422193465,< e0 observado
Morovis,1995-1999,1,72.82153464768288,72.79643695973002,71.65845148347213,73.74370206799932,Estimación adecuada
Morovis,2000-2004,1,74.10293235770516,74.61819715608843,73.63682700266952,75.59559447502389,Estimación adecuada
Morovis,2005-2009,1,76.91529332323657,76.17356310895056,75.13828584224404,77.18302341083978,Estimación adecuada
Morovis,2010-2014,1,77.08123150152963,77.44296788558614,76.32543106800304,78.40864487000177,Estimación adecuada
Morovis,2015-2019,1,78.96515859481998,78.4776350311468,77.47459636527084,79.24977036700282,Estimación adecuada
Morovis,2020-2024,1,78.2458123408178,78.61015129648548,77.63844768733955,79.58941858775817,Estimación adecuada
Naguabo,1980-1984,1,71.84412346105836,71.4730597190601,70.3942989796845,72.2847677524999,Estimación adecuada
Naguabo,1985-1989,1,70.3877807756849,70.59545525705667,69.56928535552079,71.40818196267585,Estimación adecuada
Naguabo,1990-1994,1,69.935755323165,70.14009404241732,69.14383868150043,71.07159466503444,Estimación adecuada
Naguabo,1995-1999,1,69.72322516574484,70.32277590350378,69.53090005831845,71.13889433033341,Estimación adecuada
Naguabo,2000-2004,1,72.06654411146116,72.35807019644766,71.67114022394301,73.26823334003079,Estimación adecuada
Naguabo,2005-2009,1,73.77862572143668,73.91425631826723,73.06674331771032,74.68455797768208,Estimación adecuada
Naguabo,2010-2014,1,75.11164062971052,75.08063888153899,74.31909175642932,75.9905516853195,Estimación adecuada
Naguabo,2015-2019,1,76.26882750450046,76.22139881899969,75.0917188531603,77.18583930401513,Estimación adecuada
Naguabo,2020-2024,1,77.23171232523964,76.65561334190488,75.72412868544203,77.29774404774221,Estimación adecuada
Naranjito,1980-1984,1,74.98820136337291,74.00966056478666,72.63993032498617,74.89999858307061,< e0 observado
Naranjito,1985-1989,1,74.14321504502335,73.17708250104891,72.28333932880912,74.0214465616101,< e0 observado
Naranjito,1990-1994,1,72.65469281143538,72.51259806589339,71.4121497273839,73.5732601271011,Estimación adecuada
Naranjito,1995-1999,1,71.78384170584214,72.28687490238671,70.91344898857619,73.15497434407584,Estimación adecuada
Naranjito,2000-2004,1,75.02066724722975,75.0392552057422,73.70605341538189,75.90991401414121,Estimación adecuada
Naranjito,2005-2009,1,75.97305227428454,76.02702435196392,75.13441622228096,77.17382143836477,Estimación adecuada
Naranjito,2010-2014,1,78.20596950921357,77.60260759458235,76.52313980906142,78.57551593088522,Estimación adecuada
Naranjito,2015-2019,1,79.79942567224485,79.30821763285375,78.11882457991045,80.60239755056308,Estimación adecuada
Naranjito,2020-2024,1,76.58250173203984,77.74247302067823,76.78661367310768,78.87004351839855,> e0 observado
Orocovis,1980-1984,1,73.68697408485414,73.12677685245647,71.88285712065336,74.70687838442052,Estimación adecuada
Orocovis,1985-1989,1,72.86313442913975,72.4938985830471,71.67410245584207,73.57165428399865,Estimación adecuada
Orocovis,1990-1994,1,70.6546043654978,71.33997618962975,70.65730100941636,72.32657644179845,> e0 observado
Orocovis,1995-1999,1,73.67698769121861,72.98159058239972,71.7801586950519,74.06499163854735,Estimación adecuada
Orocovis,2000-2004,1,74.30531059061678,74.22028264014841,73.19489852705703,75.15196144405445,Estimación adecuada
Orocovis,2005-2009,1,75.65599075985115,75.6168990675757,74.48921998494939,76.69057869803392,Estimación adecuada
Orocovis,2010-2014,1,78.72609688729915,77.43372342328306,76.52179429247106,78.50586054703709,< e0 observado
Orocovis,2015-2019,1,78.31348130255999,78.18747266192354,77.16447139248397,79.70030751576144,Estimación adecuada
Orocovis,2020-2024,1,77.80883766643083,78.42407573064997,77.562070890845,79.98818379408817,Estimación adecuada
Patillas,1980-1984,1,71.2919207839744,71.55962157803503,70.27425774919661,72.75340924494711,Estimación adecuada
Patillas,1985-1989,1,71.37552114824256,70.81811385831375,69.75027491270336,71.63597894931955,Estimación adecuada
Patillas,1990-1994,1,72.50760666915836,71.38384707397971,70.24188719934392,72.41385530240044,< e0 observado
Patillas,1995-1999,1,71.16809015939647,71.08418587051708,70.06891939464604,71.98954790148318,Estimación adecuada
Patillas,2000-2004,1,73.84030571885792,73.31399511672669,72.37979585228948,74.3017315716875,Estimación adecuada
Patillas,2005-2009,1,74.71797456893655,74.229466920596,73.28267983573815,75.73565909110718,Estimación adecuada
Patillas,2010-2014,1,75.64302541877272,75.90723125093157,74.69399512149877,77.23782609355843,Estimación adecuada
Patillas,2015-2019,1,77.44243369136635,77.16255613258178,76.2640852051405,78.32731558879024,Estimación adecuada
Patillas,2020-2024,1,75.4428131511174,76.55367336508981,75.49815305889788,77.40760423918287,> e0 observado
Penuelas,1980-1984,1,72.35786944424055,71.79413995755712,70.62445281270882,72.98560889429656,Estimación adecuada
Penuelas,1985-1989,1,72.76539154925341,71.97027207932713,70.49462331078755,73.11788772064358,Estimación adecuada
Penuelas,1990-1994,1,71.6518283419231,71.25709056767433,70.19505371213137,72.28687941305674,Estimación adecuada
Penuelas,1995-1999,1,72.51086800891099,72.01105223072761,71.13381213655356,72.81862632812096,Estimación adecuada
Penuelas,2000-2004,1,73.06979986248778,73.31592049813071,72.22694304843233,74.19791332886301,Estimación adecuada
Penuelas,2005-2009,1,74.32588415517951,74.54434291641391,73.25595397853432,75.50394214025235,Estimación adecuada
Penuelas,2010-2014,1,77.2161868060379,76.8084137965351,75.65139514292481,77.86532100452914,Estimación adecuada
Penuelas,2015-2019,1,76.94988280019332,76.99537854287328,75.86022036629075,78.0368165881122,Estimación adecuada
Penuelas,2020-2024,1,78.19759662594926,77.46642982793477,76.51406942033977,78.53480760283638,Estimación adecuada
Ponce,1980-1984,1,70.95163851465587,70.56866077958989,70.06880253137399,71.04975028079926,Estimación adecuada
Ponce,1985-1989,1,68.92037207804252,69.03416060047326,68.5062845724146,69.5259978584316,Estimación adecuada
Ponce,1990-1994,1,68.07009878068561,68.38790346420907,67.9536580557483,68.85818116928814,Estimación adecuada
Ponce,1995-1999,1,68.8945019576824,69.10963164340157,68.69003972480755,69.49791860303071,Estimación adecuada
Ponce,2000-2004,1,71.88287158339286,71.93626601379042,71.49566319590045,72.41805799437985,Estimación adecuada
Ponce,2005-2009,1,72.59239776230434,72.78185442903516,72.33637022790506,73.22042856496859,Estimación adecuada
Ponce,2010-2014,1,74.90584213235752,74.81240711828704,74.22140965222104,75.36456619164227,Estimación adecuada
Ponce,2015-2019,1,75.94818443525777,75.96199869640216,75.53843898117276,76.60843601431543,Estimación adecuada
Ponce,2020-2024,1,76.11579149445392,76.0330240038655,75.4127970714797,76.53099863142177,Estimación adecuada
Quebradillas,1980-1984,1,71.5804748432608,71.50920615806872,70.66033223295865,72.60010039853483,Estimación adecuada
Quebradillas,1985-1989,1,70.63546474047975,70.90824004935914,69.74673513962409,71.95381461864523,Estimación adecuada
Quebradillas,1990-1994,1,72.04068810225141,71.47387021338022,70.627564461391,72.45264715603213,Estimación adecuada
Quebradillas,1995-1999,1,72.62949799850028,71.4393826265576,70.56470028112616,72.55860751810826,< e0 observado
Quebradillas,2000-2004,1,73.75120320482118,73.24493232684517,72.24474212191166,74.3203912816055,Estimación adecuada
Quebradillas,2005-2009,1,76.4702021217705,75.09104314009915,73.9543063988347,76.23889655501515,< e0 observado
Quebradillas,2010-2014,1,76.84416482352528,76.2125272232103,75.21064818208484,77.1951668581332,Estimación adecuada
Quebradillas,2015-2019,1,77.52581972834565,77.13100885126235,76.2900066307283,77.92513705844507,Estimación adecuada
Quebradillas,2020-2024,1,78.45741764289136,77.31886560808954,76.35879818643645,78.36497418230327,< e0 observado
Rincon,1980-1984,1,71.31036542846637,72.54527092936445,71.51456594737974,73.773460361937,> e0 observado
Rincon,1985-1989,1,72.68195818723761,72.48897875674366,71.37683078620373,73.70911189849917,Estimación adecuada
Rincon,1990-1994,1,74.46482669947628,72.79018083788073,71.59488693699093,73.97551644286276,< e0 observado
Rincon,1995-1999,1,71.81900034746621,71.98717651882664,70.86530582681274,72.74051208473077,Estimación adecuada
Rincon,2000-2004,1,75.07948363707656,74.64673212843121,73.38644371136749,75.67694457759902,Estimación adecuada
Rincon,2005-2009,1,76.37954961336744,75.94263737715853,74.69479446478263,76.99653142592051,Estimación adecuada
Rincon,2010-2014,1,79.61051534555456,77.66128492570276,76.53358720849542,79.04205687394412,< e0 observado
Rincon,2015-2019,1,79.17285737161941,78.90024841736971,77.66475923426566,80.06745933047898,Estimación adecuada
Rincon,2020-2024,1,79.87445814115418,79.48988560690975,78.19486359469454,80.62463753686959,Estimación adecuada
Rio Grande,1980-1984,1,71.31055270884488,71.05014528829749,69.8810542912322,72.0103324627265,Estimación adecuada
Rio Grande,1985-1989,1,72.55792010168767,71.50634900803263,70.47689714072789,72.40496989342923,< e0 observado
Rio Grande,1990-1994,1,69.8066408540921,70.12320954849864,69.16538329697212,70.86682057798473,Estimación adecuada
Rio Grande,1995-1999,1,69.24216716509197,70.0772437688179,69.18711803309526,70.75353782785501,Estimación adecuada
Rio Grande,2000-2004,1,73.5987446256221,73.35197736436069,72.58923826863824,74.14184991562935,Estimación adecuada
Rio Grande,2005-2009,1,74.74267006153134,74.702361625412,73.86289721695246,75.46606468054686,Estimación adecuada
Rio Grande,2010-2014,1,75.62464241200296,75.60514563713838,74.90338723736193,76.37650770621258,Estimación adecuada
Rio Grande,2015-2019,1,77.32038501383934,77.24388607266621,76.3605718395543,78.11526848857463,Estimación adecuada
Rio Grande,2020-2024,1,76.09079051682853,76.6550313212944,75.84058333842756,77.46395164649162,Estimación adecuada
Sabana Grande,1980-1984,1,72.94260252849719,71.88998441587395,70.75501801430704,72.73642257549272,< e0 observado
Sabana Grande,1985-1989,1,72.60670516660508,72.03989207049125,71.07768609298364,73.03749514812705,Estimación adecuada
Sabana Grande,1990-1994,1,71.96878186562466,71.54416892977886,70.68913008796258,72.34882415745668,Estimación adecuada
Sabana Grande,1995-1999,1,72.42496764545729,71.70303846835068,70.94940406571754,72.73305735414851,Estimación adecuada
Sabana Grande,2000-2004,1,75.19081545433245,74.2608986594924,73.40043583218313,75.3172532599556,Estimación adecuada
Sabana Grande,2005-2009,1,75.77699216646894,74.91077082151972,74.0147578545244,76.01638705847833,Estimación adecuada
Sabana Grande,2010-2014,1,75.70526772953107,75.95299002435289,75.02289503929029,76.92623595416947,Estimación adecuada
Sabana Grande,2015-2019,1,77.43470484017462,77.0743355328031,76.12592884730732,78.08422380869371,Estimación adecuada
Sabana Grande,2020-2024,1,77.44105015726227,77.5460887404541,76.45490598303408,78.40341886134752,Estimación adecuada
Salinas,1980-1984,1,69.34771587119822,69.74238192175065,68.95220185907891,70.61911930188087,Estimación adecuada
Salinas,1985-1989,1,67.8768913469486,69.19950687803933,68.0726454522463,69.98843693485216,> e0 observado
Salinas,1990-1994,1,69.60135801885075,70.20042175242696,69.067374680359,70.90640113056938,Estimación adecuada
Salinas,1995-1999,1,69.29023548543516,69.7242429220801,68.65991837045988,70.4563292484334,Estimación adecuada
Salinas,2000-2004,1,73.10253328655585,72.83899012094423,71.81823668041093,73.93436353484293,Estimación adecuada
Salinas,2005-2009,1,73.52822440107285,73.5157622279757,72.32396252610876,74.39919660658308,Estimación adecuada
Salinas,2010-2014,1,75.47743944137984,75.3641978634808,74.32529112871775,76.26535496026185,Estimación adecuada
Salinas,2015-2019,1,77.96635541138743,77.38824253483517,76.34109062547199,78.29914738835453,Estimación adecuada
Salinas,2020-2024,1,77.2752335181164,76.76678214792912,75.95777583423074,78.03915655859328,Estimación adecuada
San German,1980-1984,1,72.17155637189039,72.19386635398796,71.52800991413926,72.99060695403354,Estimación adecuada
San German,1985-1989,1,73.24578912339052,72.66230037886672,71.64947895627272,73.37615704591789,Estimación adecuada
San German,1990-1994,1,72.47312065094486,71.97276728206958,71.22011217664101,72.78651250661957,Estimación adecuada
San German,1995-1999,1,74.17482678706043,73.4236659288369,72.40305778414134,74.14920496203254,< e0 observado
San German,2000-2004,1,75.40040785434385,74.7935383198546,73.93603225379637,75.65146387363427,Estimación adecuada
San German,2005-2009,1,75.89227383722931,75.54487173438682,74.72644781784709,76.2381644883186,Estimación adecuada
San German,2010-2014,1,77.09595528241658,76.40382485520922,75.70443162365385,77.39573635252971,Estimación adecuada
San German,2015-2019,1,79.14792857398798,78.1226667596344,77.16753609701156,78.89589849204702,< e0 observado
San German,2020-2024,1,78.13234571523579,77.68656964212038,76.8096085403775,78.49649906700631,Estimación adecuada
San Juan,1980-1984,1,68.53296805880613,68.57201582683999,68.28856476590586,68.92045799132134,Estimación adecuada
San Juan,1985-1989,1,67.17212517316179,67.30164991110092,66.97169438137009,67.5376369230841,Estimación adecuada
San Juan,1990-1994,1,64.70940097035052,65.05202041540213,64.59766677774576,65.37370653886266,Estimación adecuada
San Juan,1995-1999,1,67.09892384379134,67.29958648080425,66.9670182631164,67.70406696325516,Estimación adecuada
San Juan,2000-2004,1,71.1882392973574,71.24918440362293,70.7708914120274,71.52124450938524,Estimación adecuada
San Juan,2005-2009,1,72.69964876784017,72.68483685924042,72.23514128911148,73.0268524403987,Estimación adecuada
San Juan,2010-2014,1,74.44529350870087,74.39751330052434,74.00857560513283,74.77121608870146,Estimación adecuada
San Juan,2015-2019,1,75.79825935426356,75.7425856713882,75.36772956307703,76.17892551618942,Estimación adecuada
San Juan,2020-2024,1,75.09617765928651,75.16995673184235,74.65355395892915,75.54178248350286,Estimación adecuada
San Lorenzo,1980-1984,1,72.4269330696064,71.96670998723,71.09537749818696,72.86883012991933,Estimación adecuada
San Lorenzo,1985-1989,1,70.33185072656097,70.78909747916042,69.91896366974322,71.86727408603812,Estimación adecuada
San Lorenzo,1990-1994,1,70.49063585980458,70.51383946841491,69.7544046181469,71.56074896834258,Estimación adecuada
San Lorenzo,1995-1999,1,72.39291160482962,71.78802082842435,70.98685371880319,72.83247312581044,Estimación adecuada
San Lorenzo,2000-2004,1,73.59466919977362,73.45034462746847,72.38864684555344,74.41274032295047,Estimación adecuada
San Lorenzo,2005-2009,1,75.07421835227707,74.72210021359447,73.8648384025421,75.67402028180871,Estimación adecuada
San Lorenzo,2010-2014,1,76.50254306599682,76.38592023852986,75.35845821944415,77.36669620304994,Estimación adecuada
San Lorenzo,2015-2019,1,77.43176974248165,77.81167689922894,76.71083105413302,78.8214460378673,Estimación adecuada
San Lorenzo,2020-2024,1,77.62523479934367,77.42427224154956,76.7263443125046,78.53360859571504,Estimación adecuada
San Sebastian,1980-1984,1,73.33683627750408,72.65281384055578,71.91578772601837,73.51663511110503,Estimación adecuada
San Sebastian,1985-1989,1,71.54106439345284,71.89632771341635,71.01291511490352,72.7177109247442,Estimación adecuada
San Sebastian,1990-1994,1,72.72006609308197,72.21963518755095,71.41370785860934,72.9988116831509,Estimación adecuada
San Sebastian,1995-1999,1,73.29080325081594,72.68912679342479,72.00902378962874,73.30105913987617,Estimación adecuada
San Sebastian,2000-2004,1,74.89792147656362,74.42145912692575,73.60616485599613,75.1678660798483,Estimación adecuada
San Sebastian,2005-2009,1,76.73740203137386,75.88209936746102,75.18004120304248,76.90927275156761,Estimación adecuada
San Sebastian,2010-2014,1,76.69546237928682,76.37950951156034,75.57873008299184,77.16786317945753,Estimación adecuada
San Sebastian,2015-2019,1,79.1178099470019,78.27195272748794,77.502753422192,79.1791203786637,Estimación adecuada
San Sebastian,2020-2024,1,78.24142492610734,77.73432219936257,76.99258161444826,78.50587177406922,Estimación adecuada
Santa Isabel,1980-1984,1,69.7275677276356,68.96949160754892,68.03045458543278,69.99258462361007,Estimación adecuada
Santa Isabel,1985-1989,1,69.23817247335977,69.26322923690154,68.0345376681015,70.30639605498831,Estimación adecuada
Santa Isabel,1990-1994,1,66.65679986192234,68.20103547922659,67.16332265721681,69.25864361809619,> e0 observado
Santa Isabel,1995-1999,1,68.83610956762453,69.13739513241407,68.41585170215417,70.06393220777305,Estimación adecuada
Santa Isabel,2000-2004,1,69.45419232564782,70.66991892218739,69.54954904710345,71.61646484766878,> e0 observado
Santa Isabel,2005-2009,1,72.31479005793592,72.28797098226656,71.2763875161352,73.27981843358297,Estimación adecuada
Santa Isabel,2010-2014,1,74.62174299181575,74.54543569899761,73.57060023891137,75.64024023025945,Estimación adecuada
Santa Isabel,2015-2019,1,75.10553816345772,75.08882411938723,74.1210531455598,76.09925720754349,Estimación adecuada
Santa Isabel,2020-2024,1,74.53124138847393,74.82423666881488,73.53183804301555,75.98285339426094,Estimación adecuada
Toa Alta,1980-1984,1,74.8830856005072,74.05834196878695,72.88654800493677,75.31550440379759,Estimación adecuada
Toa Alta,1985-1989,1,72.95726224514657,73.03775623313366,71.62249707296334,74.05319344181135,Estimación adecuada
Toa Alta,1990-1994,1,73.42887184415189,73.2310525300845,72.35857534133368,74.16217664538138,Estimación adecuada
Toa Alta,1995-1999,1,73.12825061550112,73.12155420045184,72.34310706198005,73.92624247277841,Estimación adecuada
Toa Alta,2000-2004,1,75.20122641401855,75.12992893634146,74.28931953096655,75.95286772697621,Estimación adecuada
Toa Alta,2005-2009,1,77.25808536131703,77.02420885259565,76.14276108689933,77.79347062912444,Estimación adecuada
Toa Alta,2010-2014,1,77.617438844306065,77.70814268236379,76.97587198372334,78.64184141652969,Estimación adecuada
Toa Alta,2015-2019,1,79.44012262836311,79.42737739549193,78.73755646162158,80.43336057224161,Estimación adecuada
Toa Alta,2020-2024,1,79.32715713141147,79.13455666691716,78.30309296033911,80.0357997917794,Estimación adecuada
Toa Baja,1980-1984,1,72.82833976912103,72.25650773917317,71.14870593828891,73.0810247621847,Estimación adecuada
Toa Baja,1985-1989,1,71.09171108702432,70.93280887494406,70.13578434061179,71.67595615518462,Estimación adecuada
Toa Baja,1990-1994,1,69.55070432606276,69.96840761531116,69.2410261330871,70.74785942312195,Estimación adecuada
Toa Baja,1995-1999,1,71.02389397781576,71.1248216238437,70.45966661130197,72.0976422613135,Estimación adecuada
Toa Baja,2000-2004,1,73.3130761935651,73.31576109750378,72.5309285596247,73.99081673838715,Estimación adecuada
Toa Baja,2005-2009,1,73.9336800218148,74.01393376521168,73.4465096609639,74.78084947887237,Estimación adecuada
Toa Baja,2010-2014,1,75.63234922554784,75.59564359638185,74.77869513242261,76.36506819862038,Estimación adecuada
Toa Baja,2015-2019,1,77.0796431176242,77.01959481121679,76.16697829022648,77.64102948926883,Estimación adecuada
Toa Baja,2020-2024,1,76.06866784040614,76.21201081776061,75.68446398190173,76.83989427119064,Estimación adecuada
Trujillo Alto,1980-1984,1,73.8807661516517,73.51631354346563,72.39431127506927,74.6172056579464,Estimación adecuada
Trujillo Alto,1985-1989,1,72.91759611684925,72.7536586429741,71.97519213290286,73.75588431300173,Estimación adecuada
Trujillo Alto,1990-1994,1,72.6023641348921,72.63230589492312,71.81106119600801,73.47195517801629,Estimación adecuada
Trujillo Alto,1995-1999,1,72.41162116159781,72.54595986305749,71.75193045262198,73.30577347980497,Estimación adecuada
Trujillo Alto,2000-2004,1,74.68446388601943,74.65960281113189,73.9322392862272,75.29060249797811,Estimación adecuada
Trujillo Alto,2005-2009,1,75.81610434260868,75.79362352004486,75.1729986836923,76.45827088976759,Estimación adecuada
Trujillo Alto,2010-2014,1,77.88979650864401,77.64917791970882,76.77636973897177,78.41343588759366,Estimación adecuada
Trujillo Alto,2015-2019,1,79.53728233113502,79.17886444793733,78.46274204132342,80.26413917800423,Estimación adecuada
Trujillo Alto,2020-2024,1,78.39208683519212,78.47325789097783,77.5844746935231,79.26120267623075,Estimación adecuada
Utuado,1980-1984,1,72.77455758364391,72.55177544961317,71.74301927164414,73.46313841557495,Estimación adecuada
Utuado,1985-1989,1,72.49241351300115,72.28325189723844,71.37626058561271,73.02534250419849,Estimación adecuada
Utuado,1990-1994,1,73.58027996114916,72.7249116064873,71.81575629963903,73.65634433924143,Estimación adecuada
Utuado,1995-1999,1,73.56681994998524,72.57551277647917,71.7878892146985,73.46337311303553,< e0 observado
Utuado,2000-2004,1,75.66609210920785,74.71061552309979,73.80741380670973,75.60763756394715,< e0 observado
Utuado,2005-2009,1,74.96306439444312,75.0203613331231,74.05085155907375,75.748973305629,Estimación adecuada
Utuado,2010-2014,1,76.45438665507136,75.98816350969314,75.22749137340352,76.8154152570949,Estimación adecuada
Utuado,2015-2019,1,79.0189703608258,78.90614890695636,77.71112731090766,79.94098757452275,Estimación adecuada
Utuado,2020-2024,1,80.22889535833663,78.87720857100915,77.9256028748998,80.0945101506174,< e0 observado
Vega Alta,1980-1984,1,73.54933326191107,72.89945587135537,71.72928906402277,73.68950392297512,Estimación adecuada
Vega Alta,1985-1989,1,72.05535344696615,72.2256340690052,71.18787619399902,73.22700797063541,Estimación adecuada
Vega Alta,1990-1994,1,70.24052329679134,70.8213260818805,69.91114584172458,71.69400562939745,Estimación adecuada
Vega Alta,1995-1999,1,71.54816531304111,72.03933924043791,70.93214597067076,72.83732320040531,Estimación adecuada
Vega Alta,2000-2004,1,74.10875011525926,74.09227255303286,73.10890943730962,75.31850175345804,Estimación adecuada
Vega Alta,2005-2009,1,74.49742104581102,74.86666651560105,73.82104131336268,75.79662337316849,Estimación adecuada
Vega Alta,2010-2014,1,76.95585105473053,76.60339575092823,75.8605682786716,77.72902257512858,Estimación adecuada
Vega Alta,2015-2019,1,79.09002086085074,78.43999723901221,77.65924470985672,79.433394881147,Estimación adecuada
Vega Alta,2020-2024,1,79.13203080104806,78.73977308437999,77.73683234831387,79.64514826278221,Estimación adecuada
Vega Baja,1980-1984,1,72.17472574689376,71.56844320816163,70.6516783181259,72.51663883111276,Estimación adecuada
Vega Baja,1985-1989,1,71.32919645334727,71.05602327363324,70.27634525546914,71.86808884828814,Estimación adecuada
Vega Baja,1990-1994,1,69.34239102427848,69.72647014252247,68.99745958444706,70.54585023867372,Estimación adecuada
Vega Baja,1995-1999,1,69.80129928554581,70.04086185649697,69.4616692674307,70.61864771194739,Estimación adecuada
Vega Baja,2000-2004,1,71.71281396652603,71.90752178899666,71.14469460246406,72.53095770244624,Estimación adecuada
Vega Baja,2005-2009,1,73.49107576558887,73.60712951940417,72.81241143691827,74.37788472095413,Estimación adecuada
Vega Baja,2010-2014,1,75.67293352681041,75.4511333048045,74.87600404555228,76.29981575272335,Estimación adecuada
Vega Baja,2015-2019,1,77.17186219895375,76.72961557199466,76.02974059682718,77.52543263004176,Estimación adecuada
Vega Baja,2020-2024,1,76.1343018706242,76.57715476266286,75.72853195327144,77.55892275352464,Estimación adecuada
Vieques,1980-1984,1,68.44199950691872,69.06939906775563,67.71815045720145,70.21968964055945,Estimación adecuada
Vieques,1985-1989,1,68.91887213110078,68.98301470070136,67.81305951265323,70.17590579730889,Estimación adecuada
Vieques,1990-1994,1,70.56388701195755,69.37889867719356,68.13722185259056,70.66146411392293,Estimación adecuada
Vieques,1995-1999,1,67.1661520645474,68.75710669152645,67.31515194209648,69.86080058929883,> e0 observado
Vieques,2000-2004,1,71.06219249587082,71.40353976149693,70.29298250534598,72.86396769991796,Estimación adecuada
Vieques,2005-2009,1,71.86562241202773,72.52247500507139,71.3027408847744,73.72725664288036,Estimación adecuada
Vieques,2010-2014,1,72.38693885614644,74.36391983507528,73.07340820868859,75.733775202343935,> e0 observado
Vieques,2015-2019,1,75.48771486205818,75.80459386916927,74.51730109183438,77.0654508422349,Estimación adecuada
Vieques,2020-2024,1,70.30670126441383,75.11620537252976,73.80406385482146,76.8214481245509,> e0 observado
Villalba,1980-1984,1,71.31481633801816,71.63969198750362,70.70481721287018,72.70003922818154,Estimación adecuada
Villalba,1985-1989,1,70.6812298941124,71.13519435122703,70.2525639133838,72.17126305027728,Estimación adecuada
Villalba,1990-1994,1,72.3498469286644,71.58465584825097,70.35527216123072,72.84121847147108,Estimación adecuada
Villalba,1995-1999,1,74.12665072351581,72.40775852824365,71.53507023600926,73.46080691855454,< e0 observado
Villalba,2000-2004,1,75.24588138203707,74.5319987935247,73.7231285091571,75.57658998834566,Estimación adecuada
Villalba,2005-2009,1,75.22194783512565,74.96596869574742,73.99194818731146,75.8441806118259,Estimación adecuada
Villalba,2010-2014,1,77.8383761040004,76.54252022315558,75.3926492604234,77.47435215902323,< e0 observado
Villalba,2015-2019,1,77.83504649286682,77.57487052805782,76.79296636055528,78.74958094738966,Estimación adecuada
Villalba,2020-2024,1,77.24232552482839,76.9974671896283,75.90729447449046,78.06163638940855,Estimación adecuada
Yabucoa,1980-1984,1,71.13885114874819,71.209191861537107,70.20924612914382,72.28497182475206,Estimación adecuada
Yabucoa,1985-1989,1,71.6497165141789,71.4441381146742,70.46100902947407,72.40255033040208,Estimación adecuada
Yabucoa,1990-1994,1,72.18368470754862,71.5805048075027,70.66569232060908,72.43418295562483,Estimación adecuada
Yabucoa,1995-1999,1,70.61759581589234,70.8453790253349,69.71015413677287,71.65522174408765,Estimación adecuada
Yabucoa,2000-2004,1,74.67500524731325,74.10787939240828,73.31238493316505,74.88695251764281,Estimación adecuada
Yabucoa,2005-2009,1,74.52109913218256,74.59583156761448,73.61905607950773,75.51513418802999,Estimación adecuada
Yabucoa,2010-2014,1,75.57434879024864,76.02876573801609,75.03866141139673,76.92307212921779,Estimación adecuada
Yabucoa,2015-2019,1,77.58753133123862,77.93298346097507,77.00307552191788,78.7233767325917,Estimación adecuada
Yabucoa,2020-2024,1,75.78194920338815,77.06041788964993,76.09320352199934,78.18408879822546,> e0 observado
Yauco,1980-1984,1,71.51456720078431,71.05846938174975,70.0933212777872,71.77545309510614,Estimación adecuada
Yauco,1985-1989,1,69.95040254168732,70.1417410902996,69.20553491564259,71.02853198767838,Estimación adecuada
Yauco,1990-1994,1,71.7335324052013,71.21408612962435,70.3539169551145,71.75070142111844,Estimación adecuada
Yauco,1995-1999,1,72.03051290197796,71.43430795380496,70.54528529455985,72.13827785895448,Estimación adecuada
Yauco,2000-2004,1,72.97803149863371,73.01522116103932,72.34560804494583,73.70232653190081,Estimación adecuada
Yauco,2005-2009,1,73.24138587908658,73.70046008467853,72.79980369405999,74.54346870820943,Estimación adecuada
Yauco,2010-2014,1,75.57887719653512,75.51783187553038,74.64397715633254,76.32062689748916,Estimación adecuada
Yauco,2015-2019,1,77.43223226793361,77.2622552272949,76.5240599597785,78.01324236325408,Estimación adecuada
Yauco,2020-2024,1,75.94482006846164,76.40203184811683,75.44315149683243,77.34029461253806,Estimación adecuada
