period,region,sex,e0
1980-1984,Adjuntas,1,72.25401674765234
1980-1984,Adjuntas,2,78.79224788561424
1985-1989,Adjuntas,1,71.5535932327569
1985-1989,Adjuntas,2,78.9374369918089
1990-1994,Adjuntas,1,71.45677217290964
1990-1994,Adjuntas,2,78.46828666161639
1995-1999,Adjuntas,1,72.06347696125526
1995-1999,Adjuntas,2,78.8304313846923
2000-2004,Adjuntas,1,73.83312494212161
2000-2004,Adjuntas,2,79.90919992983216
2005-2009,Adjuntas,1,75.98578511878878
2005-2009,Adjuntas,2,82.14970351611683
2010-2014,Adjuntas,1,76.91485765893428
2010-2014,Adjuntas,2,83.5492416774696
2015-2019,Adjuntas,1,79.46077174493786
2015-2019,Adjuntas,2,84.89023311004333
2020-2024,Adjuntas,1,79.10702227392471
2020-2024,Adjuntas,2,86.18465801571975
1980-1984,Aguada,1,72.95156374275307
1980-1984,Aguada,2,77.57947675196283
1985-1989,Aguada,1,72.90482168511768
1985-1989,Aguada,2,77.96350011245059
1990-1994,Aguada,1,72.96393517335508
1990-1994,Aguada,2,79.31483153526014
1995-1999,Aguada,1,72.64127395726538
1995-1999,Aguada,2,78.46521457867837
2000-2004,Aguada,1,75.13855352176158
2000-2004,Aguada,2,80.31422778093093
2005-2009,Aguada,1,76.63658166269421
2005-2009,Aguada,2,81.36103895453506
2010-2014,Aguada,1,76.91780953099313
2010-2014,Aguada,2,83.43438137072532
2015-2019,Aguada,1,79.16848776982738
2015-2019,Aguada,2,84.71269097510628
2020-2024,Aguada,1,78.14607856192015
2020-2024,Aguada,2,84.01326565144333
1980-1984,Aguadilla,1,71.07982842073366
1980-1984,Aguadilla,2,77.28190035257029
1985-1989,Aguadilla,1,70.68716587655459
1985-1989,Aguadilla,2,77.50106386059106
1990-1994,Aguadilla,1,70.78954866912885
1990-1994,Aguadilla,2,77.8202484360395
1995-1999,Aguadilla,1,70.73873306084613
1995-1999,Aguadilla,2,77.99374714195343
2000-2004,Aguadilla,1,73.29475172421687
2000-2004,Aguadilla,2,79.94520089336663
2005-2009,Aguadilla,1,74.07704307836067
2005-2009,Aguadilla,2,80.76676646769752
2010-2014,Aguadilla,1,75.59717895843346
2010-2014,Aguadilla,2,81.58561329048996
2015-2019,Aguadilla,1,76.92296111871237
2015-2019,Aguadilla,2,83.43132195353124
2020-2024,Aguadilla,1,76.49719327276077
2020-2024,Aguadilla,2,83.30039385645948
1980-1984,Aguas Buenas,1,71.47962701228488
1980-1984,Aguas Buenas,2,78.7635018378427
1985-1989,Aguas Buenas,1,71.95571334051702
1985-1989,Aguas Buenas,2,78.78168218910379
1990-1994,Aguas Buenas,1,71.78749679423663
1990-1994,Aguas Buenas,2,80.72753564824565
1995-1999,Aguas Buenas,1,72.1494393607918
1995-1999,Aguas Buenas,2,79.13479208650429
2000-2004,Aguas Buenas,1,74.43426663286651
2000-2004,Aguas Buenas,2,81.35514108113524
2005-2009,Aguas Buenas,1,75.15150269436336
2005-2009,Aguas Buenas,2,83.43298600926643
2010-2014,Aguas Buenas,1,77.49794567702672
2010-2014,Aguas Buenas,2,83.83882804244577
2015-2019,Aguas Buenas,1,77.9572928423836
2015-2019,Aguas Buenas,2,85.9357976181198
2020-2024,Aguas Buenas,1,78.1429231525476
2020-2024,Aguas Buenas,2,85.44034349000826
1980-1984,Aibonito,1,71.61574520592781
1980-1984,Aibonito,2,78.20933460264013
1985-1989,Aibonito,1,71.23879023489548
1985-1989,Aibonito,2,79.14444494865883
1990-1994,Aibonito,1,72.33377705421579
1990-1994,Aibonito,2,78.9510537904822
1995-1999,Aibonito,1,72.22714733957649
1995-1999,Aibonito,2,79.50641524516568
2000-2004,Aibonito,1,74.07426097858576
2000-2004,Aibonito,2,80.64249104519578
2005-2009,Aibonito,1,74.95436525071996
2005-2009,Aibonito,2,81.22775916663613
2010-2014,Aibonito,1,75.50273786094674
2010-2014,Aibonito,2,82.87903868359237
2015-2019,Aibonito,1,77.70011042410988
2015-2019,Aibonito,2,84.34674842385674
2020-2024,Aibonito,1,79.13683166871763
2020-2024,Aibonito,2,85.56313464463955
1980-1984,Anasco,1,71.60288071664345
1980-1984,Anasco,2,76.73398776772643
1985-1989,Anasco,1,71.34259166479421
1985-1989,Anasco,2,77.05063047982077
1990-1994,Anasco,1,70.62876337044639
1990-1994,Anasco,2,77.50402671815394
1995-1999,Anasco,1,71.29109209618703
1995-1999,Anasco,2,77.90053208438862
2000-2004,Anasco,1,73.89933216580697
2000-2004,Anasco,2,80.26611694876543
2005-2009,Anasco,1,75.81857805293555
2005-2009,Anasco,2,81.58736857646845
2010-2014,Anasco,1,75.96245627004029
2010-2014,Anasco,2,82.77488840561728
2015-2019,Anasco,1,77.64499183092535
2015-2019,Anasco,2,84.85430424495603
2020-2024,Anasco,1,77.38041825677738
2020-2024,Anasco,2,84.21860410188005
1980-1984,Arecibo,1,70.96700734995034
1980-1984,Arecibo,2,77.29132712487917
1985-1989,Arecibo,1,70.38920838364258
1985-1989,Arecibo,2,77.11412035673351
1990-1994,Arecibo,1,70.68438343912185
1990-1994,Arecibo,2,77.82590116836883
1995-1999,Arecibo,1,70.44348312729038
1995-1999,Arecibo,2,77.68860401024568
2000-2004,Arecibo,1,73.2526499513938
2000-2004,Arecibo,2,79.86223586282452
2005-2009,Arecibo,1,73.76311174677262
2005-2009,Arecibo,2,80.65541445760074
2010-2014,Arecibo,1,75.59496312498408
2010-2014,Arecibo,2,81.67608476334473
2015-2019,Arecibo,1,77.3208800515772
2015-2019,Arecibo,2,84.271512675118
2020-2024,Arecibo,1,76.83023316006522
2020-2024,Arecibo,2,83.68785048118382
1980-1984,Arroyo,1,69.80578059829195
1980-1984,Arroyo,2,77.39882832950141
1985-1989,Arroyo,1,69.53164815338505
1985-1989,Arroyo,2,76.61380404806576
1990-1994,Arroyo,1,69.7365018121912
1990-1994,Arroyo,2,78.32041888845716
1995-1999,Arroyo,1,69.93757810339392
1995-1999,Arroyo,2,77.53377100209377
2000-2004,Arroyo,1,72.46479211488658
2000-2004,Arroyo,2,79.45909297024463
2005-2009,Arroyo,1,73.55712422769373
2005-2009,Arroyo,2,80.9901770477333
2010-2014,Arroyo,1,74.21775541991157
2010-2014,Arroyo,2,82.1030156519494
2015-2019,Arroyo,1,76.22434560547467
2015-2019,Arroyo,2,83.41834295239329
2020-2024,Arroyo,1,76.74315075751142
2020-2024,Arroyo,2,83.07416801747682
1980-1984,Barceloneta,1,70.55340123401989
1980-1984,Barceloneta,2,77.34818322856987
1985-1989,Barceloneta,1,71.8560434016295
1985-1989,Barceloneta,2,78.55553435264024
1990-1994,Barceloneta,1,71.17367051175982
1990-1994,Barceloneta,2,79.59679658568437
1995-1999,Barceloneta,1,70.4766382615669
1995-1999,Barceloneta,2,78.49699817375681
2000-2004,Barceloneta,1,73.59230775028176
2000-2004,Barceloneta,2,80.28916478652653
2005-2009,Barceloneta,1,74.67475310306071
2005-2009,Barceloneta,2,82.37355792793305
2010-2014,Barceloneta,1,75.50798641970772
2010-2014,Barceloneta,2,82.7046974076735
2015-2019,Barceloneta,1,77.83278858603215
2015-2019,Barceloneta,2,84.95244361754233
2020-2024,Barceloneta,1,75.97821578917588
2020-2024,Barceloneta,2,84.41834728447427
1980-1984,Barranquitas,1,71.54959429595067
1980-1984,Barranquitas,2,77.65660367676031
1985-1989,Barranquitas,1,71.56308923497821
1985-1989,Barranquitas,2,78.03733736167341
1990-1994,Barranquitas,1,71.0833008071268
1990-1994,Barranquitas,2,79.57809175879206
1995-1999,Barranquitas,1,71.01351470473426
1995-1999,Barranquitas,2,78.01177584129204
2000-2004,Barranquitas,1,73.87247903489903
2000-2004,Barranquitas,2,81.04886401048596
2005-2009,Barranquitas,1,75.30973598912365
2005-2009,Barranquitas,2,82.98420528274546
2010-2014,Barranquitas,1,75.75051069151901
2010-2014,Barranquitas,2,83.03300414908729
2015-2019,Barranquitas,1,78.1656771163298
2015-2019,Barranquitas,2,85.77300897840244
2020-2024,Barranquitas,1,77.76700832265755
2020-2024,Barranquitas,2,85.68431650620418
1980-1984,Bayamon,1,71.99536677442384
1980-1984,Bayamon,2,78.04054725447301
1985-1989,Bayamon,1,71.61213142831124
1985-1989,Bayamon,2,79.26864485992975
1990-1994,Bayamon,1,69.62755884553698
1990-1994,Bayamon,2,79.86988606275209
1995-1999,Bayamon,1,70.92446010606008
1995-1999,Bayamon,2,79.66833709632425
2000-2004,Bayamon,1,73.61869757757937
2000-2004,Bayamon,2,81.59047502701702
2005-2009,Bayamon,1,74.80291428760835
2005-2009,Bayamon,2,82.69374573898378
2010-2014,Bayamon,1,76.37341440436218
2010-2014,Bayamon,2,84.01814975714214
2015-2019,Bayamon,1,77.51691158921918
2015-2019,Bayamon,2,85.23392709035278
2020-2024,Bayamon,1,76.33616937730136
2020-2024,Bayamon,2,85.5486069020187
1980-1984,Cabo Rojo,1,72.61574613873773
1980-1984,Cabo Rojo,2,77.5505324545343
1985-1989,Cabo Rojo,1,72.96005541612868
1985-1989,Cabo Rojo,2,78.87943862804872
1990-1994,Cabo Rojo,1,72.74887268036285
1990-1994,Cabo Rojo,2,80.02669047314828
1995-1999,Cabo Rojo,1,72.44209350361866
1995-1999,Cabo Rojo,2,79.7572558808076
2000-2004,Cabo Rojo,1,74.83405265992894
2000-2004,Cabo Rojo,2,81.78712995775092
2005-2009,Cabo Rojo,1,76.19674194829128
2005-2009,Cabo Rojo,2,82.33604203756863
2010-2014,Cabo Rojo,1,76.09675905494905
2010-2014,Cabo Rojo,2,83.6389611971885
2015-2019,Cabo Rojo,1,79.43631038951781
2015-2019,Cabo Rojo,2,84.41852170459777
2020-2024,Cabo Rojo,1,79.28937436767697
2020-2024,Cabo Rojo,2,84.618855355353
1980-1984,Caguas,1,71.73142964702036
1980-1984,Caguas,2,78.28472378487713
1985-1989,Caguas,1,70.4729090792458
1985-1989,Caguas,2,78.99075732412156
1990-1994,Caguas,1,69.1534142322169
1990-1994,Caguas,2,78.56828889816495
1995-1999,Caguas,1,69.94487627413386
1995-1999,Caguas,2,79.51591125405054
2000-2004,Caguas,1,73.17335014733564
2000-2004,Caguas,2,80.920252556226
2005-2009,Caguas,1,74.67822808120339
2005-2009,Caguas,2,82.97341243191701
2010-2014,Caguas,1,74.86161296597207
2010-2014,Caguas,2,83.69382622777444
2015-2019,Caguas,1,77.28210783064421
2015-2019,Caguas,2,84.69928001475077
2020-2024,Caguas,1,76.35087355642227
2020-2024,Caguas,2,84.48903899412919
1980-1984,Camuy,1,72.17004738304999
1980-1984,Camuy,2,78.83580038857878
1985-1989,Camuy,1,72.66333381145873
1985-1989,Camuy,2,79.22919696553475
1990-1994,Camuy,1,72.04046900070789
1990-1994,Camuy,2,78.53611376475031
1995-1999,Camuy,1,72.22832800389344
1995-1999,Camuy,2,80.5098420201594
2000-2004,Camuy,1,74.77941737351208
2000-2004,Camuy,2,80.80172656846378
2005-2009,Camuy,1,75.51132479106178
2005-2009,Camuy,2,82.73375111903772
2010-2014,Camuy,1,76.43615116971696
2010-2014,Camuy,2,83.20290184235331
2015-2019,Camuy,1,78.06448289038873
2015-2019,Camuy,2,85.03862508044209
2020-2024,Camuy,1,77.79127350669654
2020-2024,Camuy,2,85.3559187975278
1980-1984,Canovanas,1,71.91893714752013
1980-1984,Canovanas,2,78.59888945768373
1985-1989,Canovanas,1,71.32340518733513
1985-1989,Canovanas,2,77.75314766165916
1990-1994,Canovanas,1,69.25112830959463
1990-1994,Canovanas,2,78.15608091452819
1995-1999,Canovanas,1,68.77826887560825
1995-1999,Canovanas,2,77.2662065475091
2000-2004,Canovanas,1,71.86371287374836
2000-2004,Canovanas,2,79.78029281609744
2005-2009,Canovanas,1,72.84894120837083
2005-2009,Canovanas,2,81.67465735868146
2010-2014,Canovanas,1,74.4557859469469
2010-2014,Canovanas,2,81.91072904504163
2015-2019,Canovanas,1,76.80272952128051
2015-2019,Canovanas,2,83.26814072918822
2020-2024,Canovanas,1,75.48442529359508
2020-2024,Canovanas,2,84.09135047012431
1980-1984,Carolina,1,72.65239340496798
1980-1984,Carolina,2,79.68918747759108
1985-1989,Carolina,1,71.54533501241117
1985-1989,Carolina,2,79.77076046246076
1990-1994,Carolina,1,70.160211852127
1990-1994,Carolina,2,79.22336222582886
1995-1999,Carolina,1,70.84409574334944
1995-1999,Carolina,2,80.02672515951919
2000-2004,Carolina,1,74.0354512699383
2000-2004,Carolina,2,81.73931898588961
2005-2009,Carolina,1,74.90425202375766
2005-2009,Carolina,2,82.80969481108137
2010-2014,Carolina,1,75.9701939311257
2010-2014,Carolina,2,84.15848984216439
2015-2019,Carolina,1,78.13613938315252
2015-2019,Carolina,2,86.08740959037135
2020-2024,Carolina,1,78.50169124215823
2020-2024,Carolina,2,85.5327607360023
1980-1984,Catano,1,66.11812520000541
1980-1984,Catano,2,75.31012073900686
1985-1989,Catano,1,66.84869190749751
1985-1989,Catano,2,77.38570078097588
1990-1994,Catano,1,65.21288980483257
1990-1994,Catano,2,77.2432537894327
1995-1999,Catano,1,66.35580033665994
1995-1999,Catano,2,77.45442820303772
2000-2004,Catano,1,70.38188936895486
2000-2004,Catano,2,79.26880797957764
2005-2009,Catano,1,70.94660104353186
2005-2009,Catano,2,81.64256512883907
2010-2014,Catano,1,73.32352575746675
2010-2014,Catano,2,83.01399273748953
2015-2019,Catano,1,74.58400682981897
2015-2019,Catano,2,85.258260008128
2020-2024,Catano,1,74.01713633067973
2020-2024,Catano,2,84.80673219996903
1980-1984,Cayey,1,71.15048292187342
1980-1984,Cayey,2,77.07674607298506
1985-1989,Cayey,1,69.92123375301816
1985-1989,Cayey,2,78.07540620839472
1990-1994,Cayey,1,69.87351693017321
1990-1994,Cayey,2,78.22875654949628
1995-1999,Cayey,1,70.52646640758219
1995-1999,Cayey,2,78.84574998937369
2000-2004,Cayey,1,73.63845315718467
2000-2004,Cayey,2,80.52487192560595
2005-2009,Cayey,1,74.52732504563465
2005-2009,Cayey,2,81.76363121268882
2010-2014,Cayey,1,75.57381236756072
2010-2014,Cayey,2,83.323993040841
2015-2019,Cayey,1,78.39964014312659
2015-2019,Cayey,2,85.12493690052585
2020-2024,Cayey,1,79.25566463483678
2020-2024,Cayey,2,86.92021972340183
1980-1984,Ceiba,1,71.5138843718312
1980-1984,Ceiba,2,77.84127675552216
1985-1989,Ceiba,1,70.60651389742803
1985-1989,Ceiba,2,78.30144993260602
1990-1994,Ceiba,1,70.74303400576571
1990-1994,Ceiba,2,78.63218515227737
1995-1999,Ceiba,1,71.48756320975708
1995-1999,Ceiba,2,78.42513015872268
2000-2004,Ceiba,1,73.62485119935161
2000-2004,Ceiba,2,80.71651457667996
2005-2009,Ceiba,1,74.7857346471763
2005-2009,Ceiba,2,82.133242113849
2010-2014,Ceiba,1,76.20026367196822
2010-2014,Ceiba,2,82.2945077249322
2015-2019,Ceiba,1,77.92164697910897
2015-2019,Ceiba,2,85.46584555610647
2020-2024,Ceiba,1,76.09905539885425
2020-2024,Ceiba,2,83.92329388723239
1980-1984,Ciales,1,72.68577857066104
1980-1984,Ciales,2,78.79716746205261
1985-1989,Ciales,1,72.96858313672065
1985-1989,Ciales,2,79.1083395822425
1990-1994,Ciales,1,72.04577120984753
1990-1994,Ciales,2,79.39057132773497
1995-1999,Ciales,1,71.71364389733752
1995-1999,Ciales,2,79.60631706586749
2000-2004,Ciales,1,73.68292056549821
2000-2004,Ciales,2,81.16232032437858
2005-2009,Ciales,1,74.94082398026127
2005-2009,Ciales,2,82.26766234689639
2010-2014,Ciales,1,76.43350007061382
2010-2014,Ciales,2,83.46947626548584
2015-2019,Ciales,1,79.02691805911775
2015-2019,Ciales,2,85.75729562328729
2020-2024,Ciales,1,78.08373315310278
2020-2024,Ciales,2,84.31042382594248
1980-1984,Cidra,1,73.17745089839515
1980-1984,Cidra,2,79.88755059383406
1985-1989,Cidra,1,72.70599884172844
1985-1989,Cidra,2,79.26806166579887
1990-1994,Cidra,1,73.88433822202109
1990-1994,Cidra,2,79.36006639356452
1995-1999,Cidra,1,73.77446705544203
1995-1999,Cidra,2,80.6970227666132
2000-2004,Cidra,1,75.71888129822108
2000-2004,Cidra,2,82.57621237452955
2005-2009,Cidra,1,76.25238342879591
2005-2009,Cidra,2,83.16011338617828
2010-2014,Cidra,1,77.5511726249224
2010-2014,Cidra,2,83.31960055800874
2015-2019,Cidra,1,79.16016620151207
2015-2019,Cidra,2,85.03454454370873
2020-2024,Cidra,1,79.57792479252221
2020-2024,Cidra,2,85.14620035311697
1980-1984,Coamo,1,71.85515018710693
1980-1984,Coamo,2,78.23794797862176
1985-1989,Coamo,1,71.36733602021825
1985-1989,Coamo,2,77.99392597520252
1990-1994,Coamo,1,71.22672177744245
1990-1994,Coamo,2,79.23458720171787
1995-1999,Coamo,1,71.36119390719753
1995-1999,Coamo,2,78.61110338165102
2000-2004,Coamo,1,73.31140412955718
2000-2004,Coamo,2,80.93734806702837
2005-2009,Coamo,1,75.71636969192733
2005-2009,Coamo,2,82.07531268588497
2010-2014,Coamo,1,75.95653122243316
2010-2014,Coamo,2,82.38981878709545
2015-2019,Coamo,1,76.67997576572895
2015-2019,Coamo,2,84.46761972665381
2020-2024,Coamo,1,77.9888673366216
2020-2024,Coamo,2,85.09577246338286
1980-1984,Comerio,1,72.11184520097501
1980-1984,Comerio,2,79.30862935004366
1985-1989,Comerio,1,72.01727318182205
1985-1989,Comerio,2,79.0422561214427
1990-1994,Comerio,1,71.8842176679788
1990-1994,Comerio,2,78.48026061197972
1995-1999,Comerio,1,71.371422007596
1995-1999,Comerio,2,78.46438982597098
2000-2004,Comerio,1,73.73928423693546
2000-2004,Comerio,2,80.38403558144553
2005-2009,Comerio,1,74.94381270339431
2005-2009,Comerio,2,81.6439628491879
2010-2014,Comerio,1,76.85388163739103
2010-2014,Comerio,2,82.94225015270608
2015-2019,Comerio,1,76.74797953336119
2015-2019,Comerio,2,84.46229553338132
2020-2024,Comerio,1,76.14478663147948
2020-2024,Comerio,2,83.67615381453969
1980-1984,Corozal,1,72.52621000218944
1980-1984,Corozal,2,78.36041932108995
1985-1989,Corozal,1,73.15774313125867
1985-1989,Corozal,2,78.2831486282454
1990-1994,Corozal,1,71.55791652058484
1990-1994,Corozal,2,78.82402856425165
1995-1999,Corozal,1,72.14321360932131
1995-1999,Corozal,2,80.22118878007163
2000-2004,Corozal,1,75.00142216980952
2000-2004,Corozal,2,82.08607689182213
2005-2009,Corozal,1,75.47094707662033
2005-2009,Corozal,2,81.61646075024807
2010-2014,Corozal,1,76.68046672419776
2010-2014,Corozal,2,83.74134537088483
2015-2019,Corozal,1,78.30822137814587
2015-2019,Corozal,2,84.5920843721648
2020-2024,Corozal,1,77.25104390744902
2020-2024,Corozal,2,85.32590830014797
1980-1984,Culebra,1,73.40400236015921
1980-1984,Culebra,2,80.02303799686744
1985-1989,Culebra,1,72.73040580210028
1985-1989,Culebra,2,80.45708654209851
1990-1994,Culebra,1,72.25978183495694
1990-1994,Culebra,2,80.36966400710179
1995-1999,Culebra,1,72.57201261003335
1995-1999,Culebra,2,81.33925041631016
2000-2004,Culebra,1,75.35905272048738
2000-2004,Culebra,2,82.8559261971816
2005-2009,Culebra,1,76.01325375844722
2005-2009,Culebra,2,84.0427618146543
2010-2014,Culebra,1,76.85700936626111
2010-2014,Culebra,2,84.75532939529663
2015-2019,Culebra,1,77.98031160283136
2015-2019,Culebra,2,85.93943950800428
2020-2024,Culebra,1,77.46515152944475
2020-2024,Culebra,2,85.05028176401373
1980-1984,Dorado,1,72.76206073856225
1980-1984,Dorado,2,79.09381908733621
1985-1989,Dorado,1,71.08847844390341
1985-1989,Dorado,2,79.16248791453285
1990-1994,Dorado,1,71.07384708165094
1990-1994,Dorado,2,79.3415594485316
1995-1999,Dorado,1,71.50975517872885
1995-1999,Dorado,2,79.53940134805843
2000-2004,Dorado,1,73.16531980586863
2000-2004,Dorado,2,80.218212954935
2005-2009,Dorado,1,74.95456170141482
2005-2009,Dorado,2,81.51463911159126
2010-2014,Dorado,1,77.33643101018576
2010-2014,Dorado,2,83.48091120823496
2015-2019,Dorado,1,78.54518899838482
2015-2019,Dorado,2,85.06511231186472
2020-2024,Dorado,1,77.7943581382732
2020-2024,Dorado,2,86.61885219330829
1980-1984,Fajardo,1,70.44070732018695
1980-1984,Fajardo,2,76.83330736621693
1985-1989,Fajardo,1,70.80201977399399
1985-1989,Fajardo,2,77.19384858275342
1990-1994,Fajardo,1,68.69082542374261
1990-1994,Fajardo,2,77.84947677890202
1995-1999,Fajardo,1,70.00509783893305
1995-1999,Fajardo,2,78.51542329360741
2000-2004,Fajardo,1,72.01854855266535
2000-2004,Fajardo,2,79.78392322821087
2005-2009,Fajardo,1,72.52914724777237
2005-2009,Fajardo,2,80.26478597284935
2010-2014,Fajardo,1,74.15977742590536
2010-2014,Fajardo,2,81.27247564292078
2015-2019,Fajardo,1,76.60799043188715
2015-2019,Fajardo,2,83.67944450104491
2020-2024,Fajardo,1,74.88784917638743
2020-2024,Fajardo,2,83.38104044716064
1980-1984,Florida,1,71.2948329024553
1980-1984,Florida,2,78.31422421587614
1985-1989,Florida,1,70.81110646436765
1985-1989,Florida,2,76.98065199376187
1990-1994,Florida,1,70.37106546908842
1990-1994,Florida,2,77.05076269950922
1995-1999,Florida,1,71.54195543966853
1995-1999,Florida,2,77.90966681641852
2000-2004,Florida,1,73.86112208353633
2000-2004,Florida,2,80.54657575696851
2005-2009,Florida,1,74.75612019574592
2005-2009,Florida,2,80.77209479446977
2010-2014,Florida,1,77.33960353016579
2010-2014,Florida,2,83.03362854527823
2015-2019,Florida,1,77.0919712488403
2015-2019,Florida,2,83.75058115356609
2020-2024,Florida,1,77.13646327008946
2020-2024,Florida,2,86.02359642440281
1980-1984,Guanica,1,69.88322872045435
1980-1984,Guanica,2,76.5816152916022
1985-1989,Guanica,1,69.49545070889208
1985-1989,Guanica,2,76.66828372093329
1990-1994,Guanica,1,69.09317334274826
1990-1994,Guanica,2,77.05023840473459
1995-1999,Guanica,1,69.31048009175365
1995-1999,Guanica,2,77.00262500465753
2000-2004,Guanica,1,72.03830577398647
2000-2004,Guanica,2,78.52240688013806
2005-2009,Guanica,1,72.15374958279828
2005-2009,Guanica,2,79.77639445183428
2010-2014,Guanica,1,74.60558651789947
2010-2014,Guanica,2,81.01441923321647
2015-2019,Guanica,1,74.66454223812751
2015-2019,Guanica,2,81.56647884113048
2020-2024,Guanica,1,74.50799455289095
2020-2024,Guanica,2,81.9561390385047
1980-1984,Guayama,1,70.18812300130497
1980-1984,Guayama,2,76.74503616833637
1985-1989,Guayama,1,69.39692680526694
1985-1989,Guayama,2,76.81140602648159
1990-1994,Guayama,1,69.51729183485695
1990-1994,Guayama,2,77.8003940120167
1995-1999,Guayama,1,70.11554715975234
1995-1999,Guayama,2,78.66307063847243
2000-2004,Guayama,1,71.88682190659534
2000-2004,Guayama,2,80.00645365151615
2005-2009,Guayama,1,73.74313646858802
2005-2009,Guayama,2,80.46263546793165
2010-2014,Guayama,1,75.56322433252951
2010-2014,Guayama,2,81.85447382296094
2015-2019,Guayama,1,76.5210476663876
2015-2019,Guayama,2,83.34226008466673
2020-2024,Guayama,1,75.14365429715399
2020-2024,Guayama,2,82.49902037155466
1980-1984,Guayanilla,1,71.61859202178269
1980-1984,Guayanilla,2,77.37490844176953
1985-1989,Guayanilla,1,70.38695636020749
1985-1989,Guayanilla,2,76.74980645717059
1990-1994,Guayanilla,1,71.33157008955517
1990-1994,Guayanilla,2,77.86864140893326
1995-1999,Guayanilla,1,71.28813522313587
1995-1999,Guayanilla,2,78.616060687069
2000-2004,Guayanilla,1,73.41338037148776
2000-2004,Guayanilla,2,79.72396115867454
2005-2009,Guayanilla,1,73.71049845459245
2005-2009,Guayanilla,2,79.67521385646197
2010-2014,Guayanilla,1,76.09504493998575
2010-2014,Guayanilla,2,80.81978886621074
2015-2019,Guayanilla,1,75.9712319477762
2015-2019,Guayanilla,2,84.28923234848631
2020-2024,Guayanilla,1,75.14500624038266
2020-2024,Guayanilla,2,84.48450281436405
1980-1984,Guaynabo,1,73.22012288012145
1980-1984,Guaynabo,2,79.33041119519959
1985-1989,Guaynabo,1,73.31513002353495
1985-1989,Guaynabo,2,80.44209854130935
1990-1994,Guaynabo,1,71.99242904268284
1990-1994,Guaynabo,2,80.38237246794142
1995-1999,Guaynabo,1,72.14838878682806
1995-1999,Guaynabo,2,81.37920173096677
2000-2004,Guaynabo,1,74.88917312960146
2000-2004,Guaynabo,2,82.38317160193749
2005-2009,Guaynabo,1,75.75219603861795
2005-2009,Guaynabo,2,83.50480408199995
2010-2014,Guaynabo,1,77.51699058473206
2010-2014,Guaynabo,2,84.40942604582033
2015-2019,Guaynabo,1,79.46561717505212
2015-2019,Guaynabo,2,86.3126424043329
2020-2024,Guaynabo,1,77.74467594015724
2020-2024,Guaynabo,2,86.713865893805675
1980-1984,Gurabo,1,72.01419362284156
1980-1984,Gurabo,2,77.624701370495
1985-1989,Gurabo,1,72.0648057011023
1985-1989,Gurabo,2,78.0285730091477
1990-1994,Gurabo,1,70.72829021918885
1990-1994,Gurabo,2,78.94409593870184
1995-1999,Gurabo,1,72.47032012804996
1995-1999,Gurabo,2,78.68632748395214
2000-2004,Gurabo,1,73.94813713056696
2000-2004,Gurabo,2,81.55790311155438
2005-2009,Gurabo,1,75.52387490557216
2005-2009,Gurabo,2,82.25285068075331
2010-2014,Gurabo,1,76.19310423683565
2010-2014,Gurabo,2,83.35076753576328
2015-2019,Gurabo,1,77.93434304172588
2015-2019,Gurabo,2,85.87325403889956
2020-2024,Gurabo,1,77.8313513589229
2020-2024,Gurabo,2,84.74979593657353
1980-1984,Hatillo,1,72.33354721898438
1980-1984,Hatillo,2,78.85225170118004
1985-1989,Hatillo,1,72.4392037979285
1985-1989,Hatillo,2,79.22722945208879
1990-1994,Hatillo,1,72.05973504385535
1990-1994,Hatillo,2,78.32169524861946
1995-1999,Hatillo,1,72.24935150146399
1995-1999,Hatillo,2,78.38159174203689
2000-2004,Hatillo,1,74.05485172361497
2000-2004,Hatillo,2,80.33269191407567
2005-2009,Hatillo,1,75.22427607478906
2005-2009,Hatillo,2,81.7020645127806
2010-2014,Hatillo,1,77.08514497245535
2010-2014,Hatillo,2,83.44083500147141
2015-2019,Hatillo,1,79.09447906570418
2015-2019,Hatillo,2,84.40537074879065
2020-2024,Hatillo,1,78.24382156393868
2020-2024,Hatillo,2,85.15834376882957
1980-1984,Hormigueros,1,73.61724901101218
1980-1984,Hormigueros,2,80.07550139882122
1985-1989,Hormigueros,1,72.9770234835597
1985-1989,Hormigueros,2,79.04462996856904
1990-1994,Hormigueros,1,73.32292512926394
1990-1994,Hormigueros,2,80.64210017241919
1995-1999,Hormigueros,1,73.64428575516968
1995-1999,Hormigueros,2,80.28683495369178
2000-2004,Hormigueros,1,75.20423775172581
2000-2004,Hormigueros,2,81.98430011679103
2005-2009,Hormigueros,1,76.17199031550878
2005-2009,Hormigueros,2,83.6880992010983
2010-2014,Hormigueros,1,77.01687275247107
2010-2014,Hormigueros,2,83.3702951630816
2015-2019,Hormigueros,1,78.41461322138508
2015-2019,Hormigueros,2,86.22835957910735
2020-2024,Hormigueros,1,78.9034425108446
2020-2024,Hormigueros,2,86.05805442273589
1980-1984,Humacao,1,70.77687470921803
1980-1984,Humacao,2,76.15691653008761
1985-1989,Humacao,1,70.75925334879594
1985-1989,Humacao,2,77.99073163077502
1990-1994,Humacao,1,69.85991407016702
1990-1994,Humacao,2,78.6792170574966
1995-1999,Humacao,1,71.44038163666313
1995-1999,Humacao,2,78.3392061028699
2000-2004,Humacao,1,73.36800122175917
2000-2004,Humacao,2,79.90759196164049
2005-2009,Humacao,1,73.98704393122168
2005-2009,Humacao,2,81.55213472892673
2010-2014,Humacao,1,75.8454170684642
2010-2014,Humacao,2,83.0359271867716
2015-2019,Humacao,1,77.19438872572191
2015-2019,Humacao,2,84.41771199245119
2020-2024,Humacao,1,77.44989192973611
2020-2024,Humacao,2,84.20566697049273
1980-1984,Isabela,1,72.75323557622005
1980-1984,Isabela,2,77.76325847945178
1985-1989,Isabela,1,71.56621750787546
1985-1989,Isabela,2,78.24336828026972
1990-1994,Isabela,1,71.61024822645888
1990-1994,Isabela,2,78.35022213142497
1995-1999,Isabela,1,71.58193220357938
1995-1999,Isabela,2,79.2797205051986
2000-2004,Isabela,1,73.22995874723483
2000-2004,Isabela,2,79.72692782189637
2005-2009,Isabela,1,74.8464108444514
2005-2009,Isabela,2,80.54438429317044
2010-2014,Isabela,1,76.05140441037925
2010-2014,Isabela,2,82.5313566384713
2015-2019,Isabela,1,77.87045072636668
2015-2019,Isabela,2,84.12848795873778
2020-2024,Isabela,1,77.52020584800452
2020-2024,Isabela,2,84.85549682153747
1980-1984,Jayuya,1,71.73097250566833
1980-1984,Jayuya,2,77.23910831569104
1985-1989,Jayuya,1,71.38405154921217
1985-1989,Jayuya,2,77.13071037536932
1990-1994,Jayuya,1,71.071087628613
1990-1994,Jayuya,2,78.12203805775466
1995-1999,Jayuya,1,72.0958635117343
1995-1999,Jayuya,2,78.48838271677845
2000-2004,Jayuya,1,73.74534337241798
2000-2004,Jayuya,2,81.58150291009007
2005-2009,Jayuya,1,75.45499806558631
2005-2009,Jayuya,2,82.28469666896073
2010-2014,Jayuya,1,76.98014696748406
2010-2014,Jayuya,2,83.07059483115017
2015-2019,Jayuya,1,78.1006258285271
2015-2019,Jayuya,2,85.73820414432298
2020-2024,Jayuya,1,79.20250156811241
2020-2024,Jayuya,2,85.48738154120383
1980-1984,Juana Diaz,1,70.9714071153777
1980-1984,Juana Diaz,2,76.44063543935468
1985-1989,Juana Diaz,1,70.62565399712602
1985-1989,Juana Diaz,2,77.71761633437568
1990-1994,Juana Diaz,1,70.60883792319055
1990-1994,Juana Diaz,2,77.91365847540185
1995-1999,Juana Diaz,1,70.66480927821377
1995-1999,Juana Diaz,2,78.20315494048053
2000-2004,Juana Diaz,1,72.62402484829398
2000-2004,Juana Diaz,2,79.92475904695978
2005-2009,Juana Diaz,1,74.30835813871363
2005-2009,Juana Diaz,2,81.39982913541242
2010-2014,Juana Diaz,1,75.95840270880892
2010-2014,Juana Diaz,2,82.64700971646441
2015-2019,Juana Diaz,1,77.33668434264479
2015-2019,Juana Diaz,2,85.8037460733978
2020-2024,Juana Diaz,1,76.57587197526948
2020-2024,Juana Diaz,2,85.29185147867378
1980-1984,Juncos,1,70.71100150026243
1980-1984,Juncos,2,77.03929015061364
1985-1989,Juncos,1,69.91167914618566
1985-1989,Juncos,2,77.41306181855293
1990-1994,Juncos,1,69.74453230634349
1990-1994,Juncos,2,78.31586825287972
1995-1999,Juncos,1,70.55370873508278
1995-1999,Juncos,2,78.60890102344518
2000-2004,Juncos,1,73.33523249729015
2000-2004,Juncos,2,80.3087790859703
2005-2009,Juncos,1,73.08980923720367
2005-2009,Juncos,2,80.30420132986664
2010-2014,Juncos,1,74.67027752647117
2010-2014,Juncos,2,82.41272588350054
2015-2019,Juncos,1,76.94297528927503
2015-2019,Juncos,2,83.4129965093775
2020-2024,Juncos,1,76.59569559833224
2020-2024,Juncos,2,84.44508414455055
1980-1984,Lajas,1,71.99417051853281
1980-1984,Lajas,2,77.75487621290586
1985-1989,Lajas,1,72.50883361112115
1985-1989,Lajas,2,77.75043017196943
1990-1994,Lajas,1,72.0216460790724
1990-1994,Lajas,2,79.21761349685973
1995-1999,Lajas,1,72.12113499428789
1995-1999,Lajas,2,79.59844579452172
2000-2004,Lajas,1,73.94825005964395
2000-2004,Lajas,2,80.88376426955827
2005-2009,Lajas,1,75.46898192501057
2005-2009,Lajas,2,81.59301847409657
2010-2014,Lajas,1,76.43462598326362
2010-2014,Lajas,2,83.29555698971753
2015-2019,Lajas,1,78.21081243291755
2015-2019,Lajas,2,84.61955357944271
2020-2024,Lajas,1,77.55358145934674
2020-2024,Lajas,2,85.46672413913804
1980-1984,Lares,1,71.6400982215036
1980-1984,Lares,2,79.68637585786628
1985-1989,Lares,1,72.20418404814156
1985-1989,Lares,2,79.50483308533002
1990-1994,Lares,1,71.92470445214683
1990-1994,Lares,2,78.6764687568668
1995-1999,Lares,1,73.85678167054726
1995-1999,Lares,2,80.64687225890712
2000-2004,Lares,1,74.78001161602288
2000-2004,Lares,2,81.61394703796215
2005-2009,Lares,1,75.67497207269045
2005-2009,Lares,2,82.05644989139088
2010-2014,Lares,1,78.300190050803
2010-2014,Lares,2,82.39259407010515
2015-2019,Lares,1,77.83127309872194
2015-2019,Lares,2,84.4066179646438
2020-2024,Lares,1,78.04812623322314
2020-2024,Lares,2,84.5753949798833
1980-1984,Las Marias,1,73.3947240993548
1980-1984,Las Marias,2,81.09745942259066
1985-1989,Las Marias,1,73.09736385723807
1985-1989,Las Marias,2,79.69199562209052
1990-1994,Las Marias,1,73.22857705177171
1990-1994,Las Marias,2,80.54178954176454
1995-1999,Las Marias,1,73.70962871782613
1995-1999,Las Marias,2,80.96094184972493
2000-2004,Las Marias,1,75.61982586789865
2000-2004,Las Marias,2,82.49710658215113
2005-2009,Las Marias,1,76.89279868966446
2005-2009,Las Marias,2,83.42464817946102
2010-2014,Las Marias,1,77.389885428375365
2010-2014,Las Marias,2,84.85747952246115
2015-2019,Las Marias,1,79.21212858237115
2015-2019,Las Marias,2,85.97777736892374
2020-2024,Las Marias,1,78.91848836225786
2020-2024,Las Marias,2,87.36196626550374
1980-1984,Las Piedras,1,72.65773697132867
1980-1984,Las Piedras,2,78.00051375098599
1985-1989,Las Piedras,1,72.32517832063314
1985-1989,Las Piedras,2,78.98894208888183
1990-1994,Las Piedras,1,71.77252041823384
1990-1994,Las Piedras,2,78.78959698853778
1995-1999,Las Piedras,1,72.9570709144992
1995-1999,Las Piedras,2,79.69410569956256
2000-2004,Las Piedras,1,74.52815984648261
2000-2004,Las Piedras,2,80.39286499623519
2005-2009,Las Piedras,1,75.85760270816074
2005-2009,Las Piedras,2,82.33643273244827
2010-2014,Las Piedras,1,76.45902929665957
2010-2014,Las Piedras,2,82.55665398473947
2015-2019,Las Piedras,1,78.35696418969191
2015-2019,Las Piedras,2,85.09107559646658
2020-2024,Las Piedras,1,77.898088939821
2020-2024,Las Piedras,2,84.80683736892826
1980-1984,Loiza,1,70.7906399646417
1980-1984,Loiza,2,77.44555825189367
1985-1989,Loiza,1,70.66216597936088
1985-1989,Loiza,2,78.64535470087598
1990-1994,Loiza,1,69.18500559980433
1990-1994,Loiza,2,77.79222093416693
1995-1999,Loiza,1,68.9624452804332
1995-1999,Loiza,2,79.48349962163175
2000-2004,Loiza,1,71.04302360392768
2000-2004,Loiza,2,82.06471334225542
2005-2009,Loiza,1,71.67279582747534
2005-2009,Loiza,2,81.24449135418328
2010-2014,Loiza,1,74.37789483796844
2010-2014,Loiza,2,82.79522752227575
2015-2019,Loiza,1,76.73334964004353
2015-2019,Loiza,2,84.51489386730086
2020-2024,Loiza,1,75.66970403433878
2020-2024,Loiza,2,85.05905402653819
1980-1984,Luquillo,1,70.89506145976922
1980-1984,Luquillo,2,80.04504545759718
1985-1989,Luquillo,1,70.6958577469686
1985-1989,Luquillo,2,76.61610079515367
1990-1994,Luquillo,1,69.97046017979301
1990-1994,Luquillo,2,78.22116261350946
1995-1999,Luquillo,1,69.56137122546913
1995-1999,Luquillo,2,77.81785526483624
2000-2004,Luquillo,1,72.03157622225008
2000-2004,Luquillo,2,80.5144493387732
2005-2009,Luquillo,1,73.86332353739327
2005-2009,Luquillo,2,80.25564114620138
2010-2014,Luquillo,1,74.99370339218873
2010-2014,Luquillo,2,82.90625291656698
2015-2019,Luquillo,1,77.1551350850771
2015-2019,Luquillo,2,85.25497532647879
2020-2024,Luquillo,1,76.55670306988621
2020-2024,Luquillo,2,84.56702412074237
1980-1984,Manati,1,70.26234732323408
1980-1984,Manati,2,76.93343881274376
1985-1989,Manati,1,69.87870398823016
1985-1989,Manati,2,77.89343940285389
1990-1994,Manati,1,69.78930825061803
1990-1994,Manati,2,77.94610012824256
1995-1999,Manati,1,70.78463855013102
1995-1999,Manati,2,78.23791839239864
2000-2004,Manati,1,73.23095164910909
2000-2004,Manati,2,79.75681703989513
2005-2009,Manati,1,74.42685883607903
2005-2009,Manati,2,81.20502208673611
2010-2014,Manati,1,75.69672248251035
2010-2014,Manati,2,82.0534970689902
2015-2019,Manati,1,76.80717789135629
2015-2019,Manati,2,84.10638092183817
2020-2024,Manati,1,76.56491989888235
2020-2024,Manati,2,84.51915213205189
1980-1984,Maricao,1,71.45753653658393
1980-1984,Maricao,2,78.7367674783169
1985-1989,Maricao,1,72.89159004711794
1985-1989,Maricao,2,79.32588833209897
1990-1994,Maricao,1,71.59857158710078
1990-1994,Maricao,2,79.60279738825393
1995-1999,Maricao,1,71.80318914201418
1995-1999,Maricao,2,80.15822380355127
2000-2004,Maricao,1,75.20404356961835
2000-2004,Maricao,2,81.43243953799022
2005-2009,Maricao,1,75.48787277253469
2005-2009,Maricao,2,82.83159386684818
2010-2014,Maricao,1,77.08760379109347
2010-2014,Maricao,2,85.35316921191247
2015-2019,Maricao,1,77.87712874937365
2015-2019,Maricao,2,86.80151357361981
2020-2024,Maricao,1,78.1624919510161
2020-2024,Maricao,2,84.4577718378332
1980-1984,Maunabo,1,71.62877911706138
1980-1984,Maunabo,2,78.3714687177499
1985-1989,Maunabo,1,72.18069758793723
1985-1989,Maunabo,2,79.30108808187386
1990-1994,Maunabo,1,72.00304524712308
1990-1994,Maunabo,2,79.99597491157871
1995-1999,Maunabo,1,71.42368526601832
1995-1999,Maunabo,2,79.65160585625748
2000-2004,Maunabo,1,73.79847020702027
2000-2004,Maunabo,2,81.25443292102052
2005-2009,Maunabo,1,74.25393948713352
2005-2009,Maunabo,2,82.86072485223802
2010-2014,Maunabo,1,75.45108974947989
2010-2014,Maunabo,2,84.75585795498027
2015-2019,Maunabo,1,77.71240313474061
2015-2019,Maunabo,2,85.37629422988596
2020-2024,Maunabo,1,76.16553625108767
2020-2024,Maunabo,2,83.1219192661196
1980-1984,Mayaguez,1,70.32052243889356
1980-1984,Mayaguez,2,77.30921340643265
1985-1989,Mayaguez,1,70.50972078624807
1985-1989,Mayaguez,2,77.80948112679116
1990-1994,Mayaguez,1,70.31079928522536
1990-1994,Mayaguez,2,78.42098075039006
1995-1999,Mayaguez,1,70.87495062216274
1995-1999,Mayaguez,2,79.3779086148979
2000-2004,Mayaguez,1,73.50349803979778
2000-2004,Mayaguez,2,81.0367567242849
2005-2009,Mayaguez,1,73.9992845789916
2005-2009,Mayaguez,2,81.33413462707509
2010-2014,Mayaguez,1,74.94251470800107
2010-2014,Mayaguez,2,82.72290999271699
2015-2019,Mayaguez,1,77.29324689305574
2015-2019,Mayaguez,2,84.91864343331812
2020-2024,Mayaguez,1,76.51633392433595
2020-2024,Mayaguez,2,84.84025250935122
1980-1984,Moca,1,72.23834760413143
1980-1984,Moca,2,78.14594762337725
1985-1989,Moca,1,73.4093500561931
1985-1989,Moca,2,78.84301377809749
1990-1994,Moca,1,73.60621850122475
1990-1994,Moca,2,79.18936845914956
1995-1999,Moca,1,73.40014672644321
1995-1999,Moca,2,79.57600887043039
2000-2004,Moca,1,75.89464494718358
2000-2004,Moca,2,81.37653219074107
2005-2009,Moca,1,77.22293026710489
2005-2009,Moca,2,81.86013188897601
2010-2014,Moca,1,77.92254480186513
2010-2014,Moca,2,82.53525309855499
2015-2019,Moca,1,78.56861639253302
2015-2019,Moca,2,85.13587807525616
2020-2024,Moca,1,79.14899762513028
2020-2024,Moca,2,84.96493832244964
1980-1984,Morovis,1,72.66400244926476
1980-1984,Morovis,2,79.40047686739733
1985-1989,Morovis,1,72.7995521383228
1985-1989,Morovis,2,79.07259905745865
1990-1994,Morovis,1,73.54542841200985
1990-1994,Morovis,2,79.27468709298097
1995-1999,Morovis,1,72.66757831888356
1995-1999,Morovis,2,80.62952087398865
2000-2004,Morovis,1,74.49738355681279
2000-2004,Morovis,2,81.94889153954844
2005-2009,Morovis,1,76.14297702844144
2005-2009,Morovis,2,82.69389802134538
2010-2014,Morovis,1,77.26711640628996
2010-2014,Morovis,2,83.203522384506
2015-2019,Morovis,1,78.4019971212871
2015-2019,Morovis,2,86.19921524464839
2020-2024,Morovis,1,78.53749037522768
2020-2024,Morovis,2,85.6104925152493
1980-1984,Naguabo,1,71.57888820541436
1980-1984,Naguabo,2,76.69326523953882
1985-1989,Naguabo,1,70.49339751473988
1985-1989,Naguabo,2,77.18875409747872
1990-1994,Naguabo,1,70.00978698449961
1990-1994,Naguabo,2,77.76258332789867
1995-1999,Naguabo,1,70.18940697071758
1995-1999,Naguabo,2,77.2342192286391
2000-2004,Naguabo,1,72.23867214083499
2000-2004,Naguabo,2,79.99088637984248
2005-2009,Naguabo,1,73.79298484621336
2005-2009,Naguabo,2,80.8194751024906
2010-2014,Naguabo,1,74.97958578097472
2010-2014,Naguabo,2,82.40920479193406
2015-2019,Naguabo,1,76.07872490633558
2015-2019,Naguabo,2,84.2474274936055
2020-2024,Naguabo,1,76.76647857051734
2020-2024,Naguabo,2,83.72123744322651
1980-1984,Naranjito,1,74.13988302123519
1980-1984,Naranjito,2,80.53245929852126
1985-1989,Naranjito,1,73.35880840112351
1985-1989,Naranjito,2,80.48056406595704
1990-1994,Naranjito,1,72.65813527767686
1990-1994,Naranjito,2,80.53609223937316
1995-1999,Naranjito,1,72.06499381000322
1995-1999,Naranjito,2,80.98987979905029
2000-2004,Naranjito,1,74.90302969123704
2000-2004,Naranjito,2,81.88342429050205
2005-2009,Naranjito,1,76.08194326631333
2005-2009,Naranjito,2,81.94077307526045
2010-2014,Naranjito,1,77.56334323971282
2010-2014,Naranjito,2,83.49689051670848
2015-2019,Naranjito,1,79.54156030795981
2015-2019,Naranjito,2,86.658760288236
2020-2024,Naranjito,1,77.49472712447556
2020-2024,Naranjito,2,85.1715568844622
1980-1984,Orocovis,1,73.40493157448846
1980-1984,Orocovis,2,79.26348644763536
1985-1989,Orocovis,1,72.62114747482613
1985-1989,Orocovis,2,81.11175778475726
1990-1994,Orocovis,1,71.38995648819274
1990-1994,Orocovis,2,80.25840089459682
1995-1999,Orocovis,1,73.15454432511117
1995-1999,Orocovis,2,79.98364783102213
2000-2004,Orocovis,1,74.28937834032634
2000-2004,Orocovis,2,82.3333456143143
2005-2009,Orocovis,1,75.57792566601576
2005-2009,Orocovis,2,81.53969087333665
2010-2014,Orocovis,1,77.67411354081189
2010-2014,Orocovis,2,83.2913421444018
2015-2019,Orocovis,1,78.10369033320966
2015-2019,Orocovis,2,85.21503166618385
2020-2024,Orocovis,1,78.4762509795618
2020-2024,Orocovis,2,84.77494330055231
1980-1984,Patillas,1,71.69184125852874
1980-1984,Patillas,2,77.61425049902324
1985-1989,Patillas,1,70.91494617396881
1985-1989,Patillas,2,78.58822751078867
1990-1994,Patillas,1,71.60654861006074
1990-1994,Patillas,2,78.31646641149938
1995-1999,Patillas,1,71.2879447193959
1995-1999,Patillas,2,78.29271585868356
2000-2004,Patillas,1,73.58502125550997
2000-2004,Patillas,2,80.63575389673156
2005-2009,Patillas,1,74.3857523636186
2005-2009,Patillas,2,81.572574046093
2010-2014,Patillas,1,75.9802509050216
2010-2014,Patillas,2,83.11041703331207
2015-2019,Patillas,1,77.27061175802491
2015-2019,Patillas,2,85.53080352706394
2020-2024,Patillas,1,76.45545587538926
2020-2024,Patillas,2,85.43373403552566
1980-1984,Penuelas,1,71.57535301475626
1980-1984,Penuelas,2,77.52478929685054
1985-1989,Penuelas,1,71.83701789325418
1985-1989,Penuelas,2,78.03452108780078
1990-1994,Penuelas,1,71.12326093945127
1990-1994,Penuelas,2,78.1225820143526
1995-1999,Penuelas,1,71.86912954855367
1995-1999,Penuelas,2,78.4152699469214
2000-2004,Penuelas,1,72.9819530238448
2000-2004,Penuelas,2,80.64996479408296
2005-2009,Penuelas,1,74.29723442220778
2005-2009,Penuelas,2,82.8152060973798
2010-2014,Penuelas,1,76.8005452113379
2010-2014,Penuelas,2,82.32760622278586
2015-2019,Penuelas,1,76.83028946167612
2015-2019,Penuelas,2,83.46858686071543
2020-2024,Penuelas,1,77.47186767685336
2020-2024,Penuelas,2,83.35799946056558
1980-1984,Ponce,1,70.80823392454437
1980-1984,Ponce,2,77.56916022486607
1985-1989,Ponce,1,69.09754673515184
1985-1989,Ponce,2,77.23863013456538
1990-1994,Ponce,1,68.33170286929929
1990-1994,Ponce,2,77.74313263576413
1995-1999,Ponce,1,69.10352108774113
1995-1999,Ponce,2,78.55273573689908
2000-2004,Ponce,1,71.97082018452338
2000-2004,Ponce,2,79.95415072665095
2005-2009,Ponce,1,72.77515866904793
2005-2009,Ponce,2,81.413914767053015
2010-2014,Ponce,1,74.90118602935124
2010-2014,Ponce,2,81.78445718848127
2015-2019,Ponce,1,76.12276982071202
2015-2019,Ponce,2,84.4365187960231
2020-2024,Ponce,1,76.14206941413485
2020-2024,Ponce,2,83.85336587792771
1980-1984,Puerto Rico,1,71.25697485905555
1980-1984,Puerto Rico,2,78.0619834290797
1985-1989,Puerto Rico,1,70.70304372237246
1985-1989,Puerto Rico,2,78.48156447474186
1990-1994,Puerto Rico,1,69.92616218299408
1990-1994,Puerto Rico,2,78.77365309297188
1995-1999,Puerto Rico,1,70.69323622942599
1995-1999,Puerto Rico,2,79.2571015060625
2000-2004,Puerto Rico,1,73.34449411918092
2000-2004,Puerto Rico,2,80.98785744806548
2005-2009,Puerto Rico,1,74.45669279214039
2005-2009,Puerto Rico,2,81.975311178242
2010-2014,Puerto Rico,1,75.88080032526287
2010-2014,Puerto Rico,2,83.14757045171778
2015-2019,Puerto Rico,1,77.49755413575252
2015-2019,Puerto Rico,2,84.85020786190805
2020-2024,Puerto Rico,1,77.0251777121702
2020-2024,Puerto Rico,2,84.83921514488945
1980-1984,Quebradillas,1,71.46307185278748
1980-1984,Quebradillas,2,78.52403552581782
1985-1989,Quebradillas,1,70.86717998608822
1985-1989,Quebradillas,2,77.54455531707008
1990-1994,Quebradillas,1,71.58535886197517
1990-1994,Quebradillas,2,78.59491822962329
1995-1999,Quebradillas,1,71.6998234048523
1995-1999,Quebradillas,2,78.68939843930035
2000-2004,Quebradillas,1,73.32351022182324
2000-2004,Quebradillas,2,79.7828155427957
2005-2009,Quebradillas,1,75.13174960127054
2005-2009,Quebradillas,2,82.23433277562424
2010-2014,Quebradillas,1,76.35302501412258
2010-2014,Quebradillas,2,82.8987799200741
2015-2019,Quebradillas,1,77.17845833123204
2015-2019,Quebradillas,2,83.56363638619055
2020-2024,Quebradillas,1,77.4863749997946
2020-2024,Quebradillas,2,83.96422463278645
1980-1984,Rincon,1,72.45856518523489
1980-1984,Rincon,2,78.48207923862817
1985-1989,Rincon,1,72.38872646491157
1985-1989,Rincon,2,78.74956802339001
1990-1994,Rincon,1,73.07695339638141
1990-1994,Rincon,2,79.32963165941385
1995-1999,Rincon,1,71.7176948460699
1995-1999,Rincon,2,80.24051719087844
2000-2004,Rincon,1,74.72340186840586
2000-2004,Rincon,2,82.23269781143762
2005-2009,Rincon,1,75.69839627251484
2005-2009,Rincon,2,81.21020288704193
2010-2014,Rincon,1,77.77173010367822
2010-2014,Rincon,2,83.89656199952995
2015-2019,Rincon,1,78.91116878217271
2015-2019,Rincon,2,86.20441416451719
2020-2024,Rincon,1,79.57115176177541
2020-2024,Rincon,2,85.6539862672639
1980-1984,Rio Grande,1,71.21717569049582
1980-1984,Rio Grande,2,77.58367494415002
1985-1989,Rio Grande,1,71.84441986173002
1985-1989,Rio Grande,2,78.31769544925244
1990-1994,Rio Grande,1,70.1762461172073
1990-1994,Rio Grande,2,78.90775272917722
1995-1999,Rio Grande,1,69.92998620903371
1995-1999,Rio Grande,2,78.53206479229901
2000-2004,Rio Grande,1,73.52050457077661
2000-2004,Rio Grande,2,80.78751474895498
2005-2009,Rio Grande,1,74.8524902394252
2005-2009,Rio Grande,2,81.84835140505508
2010-2014,Rio Grande,1,75.73306709062096
2010-2014,Rio Grande,2,81.94290868551681
2015-2019,Rio Grande,1,77.39761044024853
2015-2019,Rio Grande,2,84.34714085074827
2020-2024,Rio Grande,1,76.58946137095076
2020-2024,Rio Grande,2,85.16424351404272
1980-1984,Sabana Grande,1,71.93453472725864
1980-1984,Sabana Grande,2,77.22567547432755
1985-1989,Sabana Grande,1,72.00508703348373
1985-1989,Sabana Grande,2,78.77151919910825
1990-1994,Sabana Grande,1,71.48807985496323
1990-1994,Sabana Grande,2,77.6307226170515
1995-1999,Sabana Grande,1,71.75472223487138
1995-1999,Sabana Grande,2,77.77038632191572
2000-2004,Sabana Grande,1,74.29146605688524
2000-2004,Sabana Grande,2,80.50696897820931
2005-2009,Sabana Grande,1,74.84466039377989
2005-2009,Sabana Grande,2,81.12940264254613
2010-2014,Sabana Grande,1,75.81073134090936
2010-2014,Sabana Grande,2,82.94261628513343
2015-2019,Sabana Grande,1,76.9501005401981
2015-2019,Sabana Grande,2,83.12399191701066
2020-2024,Sabana Grande,1,77.4251137208663
2020-2024,Sabana Grande,2,84.48141599358439
1980-1984,Salinas,1,69.75582288785762
1980-1984,Salinas,2,76.9618648785402
1985-1989,Salinas,1,68.9230671229597
1985-1989,Salinas,2,76.73578299167956
1990-1994,Salinas,1,70.0003302381188
1990-1994,Salinas,2,77.60665173517835
1995-1999,Salinas,1,69.5756192485172
1995-1999,Salinas,2,78.78108478637414
2000-2004,Salinas,1,73.00821390610781
2000-2004,Salinas,2,80.1826710874502
2005-2009,Salinas,1,73.59325160546814
2005-2009,Salinas,2,80.75855191651529
2010-2014,Salinas,1,75.46046677256633
2010-2014,Salinas,2,83.19136218233562
2015-2019,Salinas,1,77.60546771080288
2015-2019,Salinas,2,84.67635737452642
2020-2024,Salinas,1,77.05381288039877
2020-2024,Salinas,2,84.96771944026877
1980-1984,San German,1,72.0067329602552
1980-1984,San German,2,77.41324010638756
1985-1989,San German,1,72.6318366153231
1985-1989,San German,2,78.10623116391578
1990-1994,San German,1,72.03886340995342
1990-1994,San German,2,79.02203660892116
1995-1999,San German,1,73.43253653387546
1995-1999,San German,2,78.92849984292351
2000-2004,San German,1,74.73897030347615
2000-2004,San German,2,81.05407902904841
2005-2009,San German,1,75.43297742896239
2005-2009,San German,2,81.64227009746882
2010-2014,San German,1,76.3405418061732
2010-2014,San German,2,82.48343180565563
2015-2019,San German,1,78.06182611292746
2015-2019,San German,2,84.22809954167893
2020-2024,San German,1,77.61295022279454
2020-2024,San German,2,83.77903099853046
1980-1984,San Juan,1,68.64582697343955
1980-1984,San Juan,2,78.29025581297574
1985-1989,San Juan,1,67.33042669033283
1985-1989,San Juan,2,78.63522343288726
1990-1994,San Juan,1,64.95932308933101
1990-1994,San Juan,2,78.58730126528312
1995-1999,San Juan,1,67.26911515162024
1995-1999,San Juan,2,79.54483694388384
2000-2004,San Juan,1,71.25639801461502
2000-2004,San Juan,2,81.79643625506908
2005-2009,San Juan,1,72.73921591954138
2005-2009,San Juan,2,82.39913316175023
2010-2014,San Juan,1,74.51528856881585
2010-2014,San Juan,2,84.02974153059498
2015-2019,San Juan,1,75.87308184758898
2015-2019,San Juan,2,85.10508249724258
2020-2024,San Juan,1,75.20580906087437
2020-2024,San Juan,2,85.38228853257796
1980-1984,San Lorenzo,1,72.35113390920063
1980-1984,San Lorenzo,2,78.35124528575979
1985-1989,San Lorenzo,1,70.89523881839968
1985-1989,San Lorenzo,2,78.74830723046266
1990-1994,San Lorenzo,1,70.66869935264212
1990-1994,San Lorenzo,2,79.05457224309339
1995-1999,San Lorenzo,1,72.13255112331774
1995-1999,San Lorenzo,2,78.56244131844792
2000-2004,San Lorenzo,1,73.66451964529739
2000-2004,San Lorenzo,2,80.98626588382197
2005-2009,San Lorenzo,1,74.94050296205697
2005-2009,San Lorenzo,2,81.69534510333034
2010-2014,San Lorenzo,1,76.611147777982
2010-2014,San Lorenzo,2,83.28128371001871
2015-2019,San Lorenzo,1,77.99099066469903
2015-2019,San Lorenzo,2,85.40166246198056
2020-2024,San Lorenzo,1,77.75149585816821
2020-2024,San Lorenzo,2,84.31804780717034
1980-1984,San Sebastian,1,72.73735203601879
1980-1984,San Sebastian,2,77.67883418331812
1985-1989,San Sebastian,1,71.76131519901615
1985-1989,San Sebastian,2,78.36619032795598
1990-1994,San Sebastian,1,72.25808039470418
1990-1994,San Sebastian,2,78.6837660063833
1995-1999,San Sebastian,1,72.83942694109982
1995-1999,San Sebastian,2,79.38750986053074
2000-2004,San Sebastian,1,74.48189751983853
2000-2004,San Sebastian,2,80.2449042290625
2005-2009,San Sebastian,1,75.99112199356793
2005-2009,San Sebastian,2,81.05937611917884
2010-2014,San Sebastian,1,76.36477835791788
2010-2014,San Sebastian,2,82.9257251007377
2015-2019,San Sebastian,1,78.43086841149135
2015-2019,San Sebastian,2,83.9985579812751
2020-2024,San Sebastian,1,77.79248935187776
2020-2024,San Sebastian,2,84.25540887183655
1980-1984,Santa Isabel,1,69.33885470153865
1980-1984,Santa Isabel,2,77.11325536890148
1985-1989,Santa Isabel,1,69.5702055326568
1985-1989,Santa Isabel,2,76.592348908182
1990-1994,Santa Isabel,1,68.14397403357205
1990-1994,Santa Isabel,2,76.85279742256566
1995-1999,Santa Isabel,1,69.28109857689965
1995-1999,Santa Isabel,2,77.46623715450757
2000-2004,Santa Isabel,1,70.810631368007
2000-2004,Santa Isabel,2,79.14615671980734
2005-2009,Santa Isabel,1,72.59013215408963
2005-2009,Santa Isabel,2,81.2884853325426
2010-2014,Santa Isabel,1,74.98509797329812
2010-2014,Santa Isabel,2,81.32961550445589
2015-2019,Santa Isabel,1,75.27155216280214
2015-2019,Santa Isabel,2,83.76141454847556
2020-2024,Santa Isabel,1,75.02323245624056
2020-2024,Santa Isabel,2,83.0048460849646
1980-1984,Toa Alta,1,74.15694724410119
1980-1984,Toa Alta,2,78.74075723632323
1985-1989,Toa Alta,1,72.86255614630207
1985-1989,Toa Alta,2,80.78854655835713
1990-1994,Toa Alta,1,73.28529011278276
1990-1994,Toa Alta,2,79.81565013829095
1995-1999,Toa Alta,1,73.05791088199118
1995-1999,Toa Alta,2,80.6966489105461
2000-2004,Toa Alta,1,75.13327833844974
2000-2004,Toa Alta,2,81.58662549191038
2005-2009,Toa Alta,1,77.10014025498873
2005-2009,Toa Alta,2,83.37952667846302
2010-2014,Toa Alta,1,77.68621682527049
2010-2014,Toa Alta,2,84.30971166333076
2015-2019,Toa Alta,1,79.41494051238641
2015-2019,Toa Alta,2,84.3802478473904
2020-2024,Toa Alta,1,79.19980802087449
2020-2024,Toa Alta,2,85.40079626622921
1980-1984,Toa Baja,1,72.46698895087937
1980-1984,Toa Baja,2,78.62720400447397
1985-1989,Toa Baja,1,71.17070317481134
1985-1989,Toa Baja,2,78.92937796858465
1990-1994,Toa Baja,1,69.9841667548916
1990-1994,Toa Baja,2,78.34669613619499
1995-1999,Toa Baja,1,71.20864906596717
1995-1999,Toa Baja,2,79.85532912252158
2000-2004,Toa Baja,1,73.4770654602795
2000-2004,Toa Baja,2,80.98731715799941
2005-2009,Toa Baja,1,74.11263478176399
2005-2009,Toa Baja,2,81.2182843720496
2010-2014,Toa Baja,1,75.73097518885261
2010-2014,Toa Baja,2,82.9641817156591
2015-2019,Toa Baja,1,77.15482039375814
2015-2019,Toa Baja,2,85.07452169275003
2020-2024,Toa Baja,1,76.29963169044878
2020-2024,Toa Baja,2,84.74838461038253
1980-1984,Trujillo Alto,1,73.73654380105052
1980-1984,Trujillo Alto,2,80.0725427191957
1985-1989,Trujillo Alto,1,73.00850457655814
1985-1989,Trujillo Alto,2,80.58118043166543
1990-1994,Trujillo Alto,1,72.78202500584361
1990-1994,Trujillo Alto,2,79.83457434432819
1995-1999,Trujillo Alto,1,72.7108746580082
1995-1999,Trujillo Alto,2,80.80661911338885
2000-2004,Trujillo Alto,1,74.87255564479412
2000-2004,Trujillo Alto,2,83.20704918428082
2005-2009,Trujillo Alto,1,75.93597919485323
2005-2009,Trujillo Alto,2,83.50385586474839
2010-2014,Trujillo Alto,1,77.84794832925516
2010-2014,Trujillo Alto,2,84.98333734156712
2015-2019,Trujillo Alto,1,79.50131814788328
2015-2019,Trujillo Alto,2,86.22038940397141
2020-2024,Trujillo Alto,1,78.58518220655037
2020-2024,Trujillo Alto,2,85.80816954426052
1980-1984,Utuado,1,72.76108303317824
1980-1984,Utuado,2,78.21157944675464
1985-1989,Utuado,1,72.36345972317335
1985-1989,Utuado,2,78.48516312933256
1990-1994,Utuado,1,72.91015640151812
1990-1994,Utuado,2,78.84869481913424
1995-1999,Utuado,1,72.70754409663185
1995-1999,Utuado,2,79.39366797541831
2000-2004,Utuado,1,74.81884510790178
2000-2004,Utuado,2,81.03136531078964
2005-2009,Utuado,1,74.96029662990821
2005-2009,Utuado,2,82.1297722338993
2010-2014,Utuado,1,75.94694253362057
2010-2014,Utuado,2,83.52910752649903
2015-2019,Utuado,1,78.84543265915268
2015-2019,Utuado,2,85.1458940308103
2020-2024,Utuado,1,79.12355115186408
2020-2024,Utuado,2,85.41738822297778
1980-1984,Vega Alta,1,73.01042183186559
1980-1984,Vega Alta,2,78.49170686743514
1985-1989,Vega Alta,1,72.25823010081567
1985-1989,Vega Alta,2,78.30979624378752
1990-1994,Vega Alta,1,70.78847674967356
1990-1994,Vega Alta,2,79.44554700613308
1995-1999,Vega Alta,1,71.83521134149233
1995-1999,Vega Alta,2,79.39308162817728
2000-2004,Vega Alta,1,74.08228375007998
2000-2004,Vega Alta,2,81.66765711928447
2005-2009,Vega Alta,1,74.7869780200693
2005-2009,Vega Alta,2,82.35188613558933
2010-2014,Vega Alta,1,76.71915717676654
2010-2014,Vega Alta,2,84.14039559389461
2015-2019,Vega Alta,1,78.61290910392772
2015-2019,Vega Alta,2,84.71862724560147
2020-2024,Vega Alta,1,78.810168225781
2020-2024,Vega Alta,2,85.85426488939764
1980-1984,Vega Baja,1,71.91862297104882
1980-1984,Vega Baja,2,77.19743771019304
1985-1989,Vega Baja,1,71.3119403080631
1985-1989,Vega Baja,2,78.29082693565358
1990-1994,Vega Baja,1,69.66486573223415
1990-1994,Vega Baja,2,79.45576414301546
1995-1999,Vega Baja,1,70.0999319037407
1995-1999,Vega Baja,2,78.46308096337849
2000-2004,Vega Baja,1,72.02954034864486
2000-2004,Vega Baja,2,80.33893518320153
2005-2009,Vega Baja,1,73.72645863122298
2005-2009,Vega Baja,2,81.27090799033859
2010-2014,Vega Baja,1,75.64720665403372
2010-2014,Vega Baja,2,82.45458927186644
2015-2019,Vega Baja,1,76.95340619138868
2015-2019,Vega Baja,2,85.12325431534173
2020-2024,Vega Baja,1,76.59790346748117
2020-2024,Vega Baja,2,84.36575433304986
1980-1984,Vieques,1,69.3002459932197
1980-1984,Vieques,2,77.27231768361884
1985-1989,Vieques,1,69.13792009700754
1985-1989,Vieques,2,77.01164570490349
1990-1994,Vieques,1,69.75229150241569
1990-1994,Vieques,2,76.6288704416721
1995-1999,Vieques,1,68.7276060637766
1995-1999,Vieques,2,77.9949926069014
2000-2004,Vieques,1,71.54262397156315
2000-2004,Vieques,2,79.7862816537432
2005-2009,Vieques,1,72.72442756262953
2005-2009,Vieques,2,81.2190340540953
2010-2014,Vieques,1,74.4793248506511
2010-2014,Vieques,2,82.10836355689308
2015-2019,Vieques,1,76.1566430817398
2015-2019,Vieques,2,83.99280343512423
2020-2024,Vieques,1,75.13455690993062
2020-2024,Vieques,2,82.61047264528428
1980-1984,Villalba,1,71.60724147717757
1980-1984,Villalba,2,78.13214071796837
1985-1989,Villalba,1,71.15405352981006
1985-1989,Villalba,2,78.37141960298564
1990-1994,Villalba,1,71.61182058478582
1990-1994,Villalba,2,78.93235447901338
1995-1999,Villalba,1,72.7651660623644
1995-1999,Villalba,2,79.62148222115661
2000-2004,Villalba,1,74.6997765170222
2000-2004,Villalba,2,80.85070463483935
2005-2009,Villalba,1,75.12109329273035
2005-2009,Villalba,2,82.17601729095445
2010-2014,Villalba,1,76.80967041144105
2010-2014,Villalba,2,82.64400702020156
2015-2019,Villalba,1,77.5739991855387
2015-2019,Villalba,2,84.17652677909486
2020-2024,Villalba,1,77.1513190298346
2020-2024,Villalba,2,85.37799281664701
1980-1984,Yabucoa,1,71.29727981362586
1980-1984,Yabucoa,2,77.72050819071104
1985-1989,Yabucoa,1,71.7121561476583
1985-1989,Yabucoa,2,78.44353112494873
1990-1994,Yabucoa,1,71.81748551862933
1990-1994,Yabucoa,2,78.54543701738837
1995-1999,Yabucoa,1,70.96673086896496
1995-1999,Yabucoa,2,79.08743531920307
2000-2004,Yabucoa,1,74.37228135410982
2000-2004,Yabucoa,2,81.49174540154908
2005-2009,Yabucoa,1,74.70862620432412
2005-2009,Yabucoa,2,82.75598938789558
2010-2014,Yabucoa,1,76.05356978553979
2010-2014,Yabucoa,2,82.41983918147066
2015-2019,Yabucoa,1,78.07386488036938
2015-2019,Yabucoa,2,85.61784580997623
2020-2024,Yabucoa,1,77.15801888657
2020-2024,Yabucoa,2,84.84069125577813
1980-1984,Yauco,1,71.05632690824322
1980-1984,Yauco,2,77.42743792463942
1985-1989,Yauco,1,70.10914662885503
1985-1989,Yauco,2,77.38825940648543
1990-1994,Yauco,1,71.26407568743518
1990-1994,Yauco,2,78.18304610017933
1995-1999,Yauco,1,71.55855652632309
1995-1999,Yauco,2,78.75701831294728
2000-2004,Yauco,1,73.01469642444846
2000-2004,Yauco,2,79.30619959782376
2005-2009,Yauco,1,73.53465290465793
2005-2009,Yauco,2,80.60445591347016
2010-2014,Yauco,1,75.51267612225284
2010-2014,Yauco,2,81.85387575730851
2015-2019,Yauco,1,77.2379486111923
2015-2019,Yauco,2,83.18567255517148
2020-2024,Yauco,1,76.32402039539053
2020-2024,Yauco,2,83.29853481133932
